timestamp_ms_,SYSID_START,SysID_PWM,SysID_Enc,Target,Encoder,State,Error,PWM
1780342577,1,,,,,,,
1780342577,1,,,,,,,
1780342577,1,,,,,,,
1780342577,1,,,,,,,
1780342577,1,,,,,,,
1780342577,1,,,,,,,
1780342577,1,,,,,,,
1780342577,1,,,,,,,
1780342577,1,,,,,,,
1780342577,1,,,,,,,
1780342577,1,,,,,,,
1780342577,1,,,,,,,
1780342577,1,,,,,,,
1780342577,1,,,,,,,
1780342577,1,,,,,,,
1780342577,1,,,,,,,
1780342577,1,,,,,,,
1780342577,1,,,,,,,
1780342577,1,,,,,,,
1780342577,1,,,,,,,
1780342577,1,,,,,,,
1780342577,1,,,,,,,
1780342577,1,,,,,,,
1780342577,1,,,,,,,
1780342577,1,,,,,,,
1780342577,1,,,,,,,
1780342577,1,,,,,,,
1780342577,1,,,,,,,
1780342577,1,,,,,,,
1780342577,1,,,,,,,
1780342577,1,,,,,,,
1780342577,1,,,,,,,
1780342577,1,,,,,,,
1780342577,1,,,,,,,
1780342577,1,,,,,,,
1780342577,1,,,,,,,
1780342577,1,,,,,,,
1780342577,1,,,,,,,
1780342577,1,,,,,,,
1780342577,1,,,,,,,
1780342577,1,,,,,,,
1780342577,1,,,,,,,
1780342577,1,,,,,,,
1780342577,1,,,,,,,
1780342577,1,,,,,,,
1780342577,1,,,,,,,
1780342577,1,,,,,,,
1780342577,1,,,,,,,
1780342577,1,,,,,,,
1780342577,1,,,,,,,
1780342577,,450,,,,,,
1780342577,,,0,,,,,
1780342577,,450,,,,,,
1780342577,,,1,,,,,
1780342577,,450,,,,,,
1780342577,,,1,,,,,
1780342578,,450,,,,,,
1780342578,,,2,,,,,
1780342578,,450,,,,,,
1780342578,,,3,,,,,
1780342578,,450,,,,,,
1780342578,,,5,,,,,
1780342578,,450,,,,,,
1780342578,,,7,,,,,
1780342578,,450,,,,,,
1780342578,,,9,,,,,
1780342578,,450,13,,,,,
1780342578,,450,,,,,,
1780342578,,,15,,,,,
1780342578,,450,,,,,,
1780342578,,,19,,,,,
1780342578,,450,,,,,,
1780342578,,,23,,,,,
1780342578,,450,,,,,,
1780342578,,,27,,,,,
1780342578,,450,,,,,,
1780342578,,,31,,,,,
1780342578,,450,,,,,,
1780342578,,,35,,,,,
1780342578,,450,,,,,,
1780342578,,,40,,,,,
1780342578,,450,,,,,,
1780342578,,,45,,,,,
1780342578,,450,,,,,,
1780342578,,,51,,,,,
1780342578,,450,55,,,,,
1780342578,,450,61,,,,,
1780342578,,450,,,,,,
1780342578,,,67,,,,,
1780342578,,450,,,,,,
1780342578,,,73,,,,,
1780342578,,450,,,,,,
1780342578,,,79,,,,,
1780342578,,450,85,,,,,
1780342578,,450,,,,,,
1780342578,,,91,,,,,
1780342578,,450,,,,,,
1780342578,,,98,,,,,
1780342578,,450,,,,,,
1780342578,,,105,,,,,
1780342578,,450,,,,,,
1780342578,,,111,,,,,
1780342578,,450,,,,,,
1780342578,,,119,,,,,
1780342578,,450,125,,,,,
1780342578,,450,,,,,,
1780342578,,,133,,,,,
1780342578,,450,139,,,,,
1780342578,,450,,,,,,
1780342578,,,147,,,,,
1780342578,,450,,,,,,
1780342578,,,155,,,,,
1780342578,,450,,,,,,
1780342578,,,162,,,,,
1780342578,,450,,,,,,
1780342578,,,169,,,,,
1780342578,,450,,,,,,
1780342578,,,177,,,,,
1780342578,,450,,,,,,
1780342578,,,185,,,,,
1780342578,,450,,,,,,
1780342578,,,193,,,,,
1780342578,,450,,,,,,
1780342578,,,201,,,,,
1780342578,,450,,,,,,
1780342578,,,209,,,,,
1780342578,,450,217,,,,,
1780342578,,450,,,,,,
1780342578,,,225,,,,,
1780342578,,450,233,,,,,
1780342578,,450,,,,,,
1780342578,,,241,,,,,
1780342578,,450,,,,,,
1780342578,,,249,,,,,
1780342578,,450,,,,,,
1780342578,,,258,,,,,
1780342578,,450,267,,,,,
1780342578,,450,,,,,,
1780342578,,,275,,,,,
1780342578,,450,,,,,,
1780342578,,,283,,,,,
1780342578,,450,,,,,,
1780342578,,,292,,,,,
1780342578,,450,,,,,,
1780342578,,,301,,,,,
1780342578,,450,309,,,,,
1780342578,,450,,,,,,
1780342578,,,319,,,,,
1780342578,,450,,,,,,
1780342578,,,327,,,,,
1780342578,,450,,,,,,
1780342578,,,336,,,,,
1780342578,,450,,,,,,
1780342578,,,345,,,,,
1780342578,,450,,,,,,
1780342578,,,354,,,,,
1780342578,,450,,,,,,
1780342578,,,363,,,,,
1780342578,,450,,,,,,
1780342578,,,372,,,,,
1780342578,,450,,,,,,
1780342578,,,381,,,,,
1780342578,,450,,,,,,
1780342578,,,391,,,,,
1780342578,,450,,,,,,
1780342578,,,399,,,,,
1780342578,,450,,,,,,
1780342578,,,409,,,,,
1780342578,,450,,,,,,
1780342578,,,417,,,,,
1780342578,,450,,,,,,
1780342578,,,427,,,,,
1780342578,,450,,,,,,
1780342578,,,437,,,,,
1780342578,,450,,,,,,
1780342578,,,445,,,,,
1780342578,,450,,,,,,
1780342578,,,455,,,,,
1780342578,,450,,,,,,
1780342578,,,465,,,,,
1780342578,,450,,,,,,
1780342578,,,474,,,,,
1780342578,,450,,,,,,
1780342578,,,483,,,,,
1780342578,,450,493,,,,,
1780342578,,450,502,,,,,
1780342578,,450,,,,,,
1780342578,,,511,,,,,
1780342578,,450,,,,,,
1780342578,,,521,,,,,
1780342578,,450,,,,,,
1780342578,,,531,,,,,
1780342578,,450,,,,,,
1780342578,,,541,,,,,
1780342578,,450,,,,,,
1780342578,,,550,,,,,
1780342578,,450,,,,,,
1780342578,,,559,,,,,
1780342579,,450,,,,,,
1780342579,,,569,,,,,
1780342579,,450,,,,,,
1780342579,,,579,,,,,
1780342579,,450,,,,,,
1780342579,,,589,,,,,
1780342579,,450,598,,,,,
1780342579,,450,,,,,,
1780342579,,,608,,,,,
1780342579,0,,,,,,,
1780342579,0,,,,,,,
1780342579,0,,,,,,,
1780342579,0,,,,,,,
1780342579,0,,,,,,,
1780342579,0,,,,,,,
1780342579,0,,,,,,,
1780342579,0,,,,,,,
1780342579,0,,,,,,,
1780342579,0,,,,,,,
1780342579,0,,,,,,,
1780342579,0,,,,,,,
1780342579,0,,,,,,,
1780342579,0,,,,,,,
1780342579,0,,,,,,,
1780342579,0,,,,,,,
1780342579,0,,,,,,,
1780342579,0,,,,,,,
1780342579,0,,,,,,,
1780342579,0,,,,,,,
1780342582,,,,515,,,,
1780342582,,,,,532,,,
1780342582,,,,,,1,,
1780342582,,,,,,,13,
1780342582,,,,,,,,274
1780342582,,,,515,,,,
1780342582,,,,,532,,,
1780342582,,,,,,1,,
1780342582,,,,,,,13,274
1780342582,,,,515,,,,
1780342582,,,,,532,,,
1780342582,,,,,,1,,
1780342582,,,,,,,13,
1780342582,,,,,,,,274
1780342582,,,,515,,,,
1780342582,,,,,532,,,
1780342582,,,,,,1,,
1780342582,,,,,,,13,274
1780342582,,,,515,,,,
1780342582,,,,,532,,,
1780342582,,,,,,1,,
1780342582,,,,,,,13,
1780342582,,,,,,,,274
1780342582,,,,515,,,,
1780342582,,,,,532,,,
1780342582,,,,,,1,,
1780342582,,,,,,,13,
1780342582,,,,,,,,274
1780342582,,,,515,,,,
1780342582,,,,,532,,,
1780342582,,,,,,1,,
1780342582,,,,,,,13,
1780342582,,,,,,,,274
1780342583,,,,515,,,,
1780342583,,,,,532,,,
1780342583,,,,,,1,,
1780342583,,,,,,,13,
1780342583,,,,,,,,274
1780342583,,,,515,,,,
1780342583,,,,,532,,,
1780342583,,,,,,1,,
1780342583,,,,,,,13,
1780342583,,,,,,,,274
1780342583,,,,515,,,,
1780342583,,,,,532,,,
1780342583,,,,,,1,,
1780342583,,,,,,,13,
1780342583,,,,,,,,274
1780342583,,,,515,,,,
1780342583,,,,,532,,,
1780342583,,,,,,1,,
1780342583,,,,,,,13,
1780342583,,,,,,,,274
1780342583,,,,515,,,,
1780342583,,,,,532,,,
1780342583,,,,,,1,,
1780342583,,,,,,,13,
1780342583,,,,,,,,274
1780342583,,,,515,,,,
1780342583,,,,,532,,,
1780342583,,,,,,1,,
1780342583,,,,,,,13,
1780342583,,,,,,,,274
1780342583,,,,515,,,,
1780342583,,,,,532,,,
1780342583,,,,,,1,,
1780342583,,,,,,,13,
1780342583,,,,,,,,274
1780342583,,,,515,,,,
1780342583,,,,,532,,,
1780342583,,,,,,1,,
1780342583,,,,,,,13,
1780342583,,,,,,,,274
1780342583,,,,515,,,,
1780342583,,,,,532,,,
1780342583,,,,,,1,,
1780342583,,,,,,,13,
1780342583,,,,,,,,274
1780342583,,,,515,,,,
1780342583,,,,,532,,,
1780342583,,,,,,1,,
1780342583,,,,,,,13,274
1780342583,,,,515,,,,
1780342583,,,,,532,,,
1780342583,,,,,,1,,
1780342583,,,,,,,13,274
1780342583,,,,515,,,,
1780342583,,,,,532,,,
1780342583,,,,,,1,,
1780342583,,,,,,,13,
1780342583,,,,,,,,274
1780342583,,,,515,,,,
1780342583,,,,,532,,,
1780342583,,,,,,1,,
1780342583,,,,,,,13,274
1780342583,,,,515,,,,
1780342583,,,,,532,,,
1780342583,,,,,,1,,
1780342583,,,,,,,13,274
1780342583,,,,515,,,,
1780342583,,,,,532,,,
1780342583,,,,,,1,,
1780342583,,,,,,,13,274
1780342583,,,,515,,,,
1780342583,,,,,532,,,
1780342583,,,,,,1,,
1780342583,,,,,,,13,274
1780342583,,,,515,,,,
1780342583,,,,,532,,,
1780342583,,,,,,1,,
1780342583,,,,,,,13,274
1780342583,,,,515,,,,
1780342583,,,,,532,,,
1780342583,,,,,,1,,
1780342583,,,,,,,13,274
1780342583,,,,515,,,,
1780342583,,,,,532,,,
1780342583,,,,,,1,,
1780342583,,,,,,,13,274
1780342583,,,,515,,,,
1780342583,,,,,532,,,
1780342583,,,,,,1,13,274
1780342583,,,,515,,,,
1780342583,,,,,532,,,
1780342583,,,,,,1,13,274
1780342583,,,,515,,,,
1780342583,,,,,532,,,
1780342583,,,,,,1,,
1780342583,,,,,,,13,274
1780342583,,,,515,,,,
1780342583,,,,,532,,,
1780342583,,,,,,1,,
1780342583,,,,,,,13,274
1780342583,,,,515,,,,
1780342583,,,,,532,,,
1780342583,,,,,,1,,
1780342583,,,,,,,13,274
1780342583,,,,515,,,,
1780342583,,,,,532,,,
1780342583,,,,,,1,,
1780342583,,,,,,,13,274
1780342583,,,,515,,,,
1780342583,,,,,532,,,
1780342583,,,,,,1,,
1780342583,,,,,,,13,274
1780342583,,,,515,,,,
1780342583,,,,,532,,,
1780342583,,,,,,1,,
1780342583,,,,,,,13,274
1780342583,,,,515,,,,
1780342583,,,,,532,,,
1780342583,,,,,,1,,
1780342583,,,,,,,13,274
1780342583,,,,515,,,,
1780342583,,,,,532,,,
1780342583,,,,,,1,,
1780342583,,,,,,,13,274
1780342583,,,,515,,,,
1780342583,,,,,532,1,,
1780342583,,,,,,,13,274
1780342583,,,,515,,,,
1780342583,,,,,532,,,
1780342583,,,,,,1,,
1780342583,,,,,,,13,274
1780342583,,,,515,,,,
1780342583,,,,,532,,,
1780342583,,,,,,1,,
1780342583,,,,,,,13,274
1780342583,,,,515,,,,
1780342583,,,,,532,,,
1780342583,,,,,,1,,
1780342583,,,,,,,13,274
1780342583,,,,515,,,,
1780342583,,,,,532,,,
1780342583,,,,,,1,,
1780342583,,,,,,,13,274
1780342583,,,,515,,,,
1780342583,,,,,532,,,
1780342583,,,,,,1,,
1780342583,,,,,,,13,274
1780342583,,,,515,,,,
1780342583,,,,,532,,,
1780342583,,,,,,1,,
1780342583,,,,,,,13,274
1780342583,,,,515,,,,
1780342583,,,,,532,,,
1780342583,,,,,,1,,
1780342583,,,,,,,13,274
1780342583,,,,515,,,,
1780342583,,,,,532,,,
1780342583,,,,,,1,,
1780342583,,,,,,,13,274
1780342583,,,,515,532,,,
1780342583,,,,,,1,,
1780342583,,,,,,,13,274
1780342583,,,,515,,,,
1780342583,,,,,532,1,,
1780342583,,,,,,,13,274
1780342583,,,,515,,,,
1780342583,,,,,532,1,,
1780342583,,,,,,,13,274
1780342583,,,,515,,,,
1780342583,,,,,532,,,
1780342583,,,,,,2,,
1780342583,,,,,,,-17,
1780342583,,,,,,,,-104
1780342583,,,,0,,,,
1780342583,,,,,532,,,
1780342583,,,,,,2,,
1780342583,,,,,,,-532,
1780342583,,,,,,,,-500
1780342583,,,,0,,,,
1780342583,,,,,531,,,
1780342583,,,,,,2,,
1780342583,,,,,,,-531,
1780342583,,,,,,,,-500
1780342583,,,,0,,,,
1780342583,,,,,530,,,
1780342583,,,,,,2,,
1780342583,,,,,,,-530,
1780342583,,,,,,,,-500
1780342583,,,,0,,,,
1780342583,,,,,527,,,
1780342583,,,,,,2,,
1780342583,,,,,,,-527,
1780342583,,,,,,,,-500
1780342583,,,,0,,,,
1780342583,,,,,524,,,
1780342583,,,,,,2,,
1780342583,,,,,,,-524,
1780342583,,,,,,,,-500
1780342583,,,,0,,,,
1780342583,,,,,520,,,
1780342583,,,,,,2,,
1780342583,,,,,,,-520,
1780342583,,,,,,,,-500
1780342583,,,,0,,,,
1780342583,,,,,515,,,
1780342583,,,,,,2,,
1780342583,,,,,,,-515,
1780342583,,,,,,,,-500
1780342583,,,,0,,,,
1780342583,,,,,510,2,,
1780342583,,,,,,,-510,
1780342583,,,,,,,,-500
1780342583,,,,0,,,,
1780342583,,,,,504,,,
1780342583,,,,,,2,,
1780342583,,,,,,,-504,-500
1780342583,,,,0,,,,
1780342583,,,,,498,,,
1780342583,,,,,,2,,
1780342583,,,,,,,-498,
1780342583,,,,,,,,-500
1780342583,,,,0,,,,
1780342583,,,,,492,,,
1780342583,,,,,,2,,
1780342583,,,,,,,-492,
1780342583,,,,,,,,-500
1780342583,,,,0,,,,
1780342583,,,,,484,,,
1780342583,,,,,,2,,
1780342583,,,,,,,-484,
1780342583,,,,,,,,-500
1780342583,,,,0,,,,
1780342583,,,,,477,,,
1780342583,,,,,,2,,
1780342583,,,,,,,-477,
1780342583,,,,,,,,-500
1780342583,,,,0,,,,
1780342583,,,,,469,,,
1780342583,,,,,,2,,
1780342583,,,,,,,-469,
1780342583,,,,,,,,-500
1780342583,,,,0,,,,
1780342583,,,,,460,,,
1780342583,,,,,,2,,
1780342583,,,,,,,-460,
1780342583,,,,,,,,-500
1780342583,,,,0,,,,
1780342583,,,,,452,,,
1780342583,,,,,,2,,
1780342583,,,,,,,-452,
1780342583,,,,,,,,-500
1780342583,,,,0,,,,
1780342583,,,,,443,,,
1780342583,,,,,,2,,
1780342583,,,,,,,-443,
1780342583,,,,,,,,-500
1780342583,,,,0,,,,
1780342583,,,,,434,,,
1780342583,,,,,,2,,
1780342583,,,,,,,-434,
1780342583,,,,,,,,-500
1780342583,,,,0,,,,
1780342583,,,,,424,2,,
1780342583,,,,,,,-424,-500
1780342583,,,,0,,,,
1780342583,,,,,414,,,
1780342583,,,,,,2,,
1780342583,,,,,,,-414,
1780342583,,,,,,,,-500
1780342583,,,,0,,,,
1780342583,,,,,404,,,
1780342583,,,,,,2,,
1780342583,,,,,,,-404,-500
1780342583,,,,0,,,,
1780342583,,,,,394,,,
1780342583,,,,,,2,,
1780342583,,,,,,,-394,
1780342583,,,,,,,,-500
1780342583,,,,0,,,,
1780342583,,,,,384,,,
1780342583,,,,,,2,,
1780342583,,,,,,,-384,
1780342583,,,,,,,,-500
1780342583,,,,0,,,,
1780342583,,,,,374,2,,
1780342583,,,,,,,-374,-500
1780342584,,,,0,,,,
1780342584,,,,,362,,,
1780342584,,,,,,2,,
1780342584,,,,,,,-362,-500
1780342584,,,,0,,,,
1780342584,,,,,352,,,
1780342584,,,,,,2,,
1780342584,,,,,,,-352,
1780342584,,,,,,,,-500
1780342584,,,,0,,,,
1780342584,,,,,340,,,
1780342584,,,,,,2,,
1780342584,,,,,,,-340,-500
1780342584,,,,0,,,,
1780342584,,,,,330,,,
1780342584,,,,,,2,,
1780342584,,,,,,,-330,
1780342584,,,,,,,,-500
1780342584,,,,0,,,,
1780342584,,,,,318,,,
1780342584,,,,,,2,,
1780342584,,,,,,,-318,-500
1780342584,,,,0,,,,
1780342584,,,,,306,,,
1780342584,,,,,,2,,
1780342584,,,,,,,-306,-500
1780342584,,,,0,,,,
1780342584,,,,,294,,,
1780342584,,,,,,2,,
1780342584,,,,,,,-294,
1780342584,,,,,,,,-500
1780342584,,,,0,,,,
1780342584,,,,,282,,,
1780342584,,,,,,2,,
1780342584,,,,,,,-282,-500
1780342584,,,,0,,,,
1780342584,,,,,270,,,
1780342584,,,,,,2,,
1780342584,,,,,,,-270,
1780342584,,,,,,,,-500
1780342584,,,,0,,,,
1780342584,,,,,258,,,
1780342584,,,,,,2,,
1780342584,,,,,,,-258,-500
1780342584,,,,0,,,,
1780342584,,,,,246,,,
1780342584,,,,,,2,,
1780342584,,,,,,,-246,-500
1780342584,,,,0,,,,
1780342584,,,,,234,,,
1780342584,,,,,,2,,
1780342584,,,,,,,-234,
1780342584,,,,,,,,-500
1780342584,,,,0,,,,
1780342584,,,,,222,,,
1780342584,,,,,,2,,
1780342584,,,,,,,-222,-500
1780342584,,,,0,,,,
1780342584,,,,,209,,,
1780342584,,,,,,2,,
1780342584,,,,,,,-209,-492
1780342584,,,,0,,,,
1780342584,,,,,196,,,
1780342584,,,,,,2,,
1780342584,,,,,,,-196,-464
1780342584,,,,0,,,,
1780342584,,,,,184,,,
1780342584,,,,,,2,,
1780342584,,,,,,,-184,-438
1780342584,,,,0,,,,
1780342584,,,,,172,,,
1780342584,,,,,,2,,
1780342584,,,,,,,-172,-411
1780342584,,,,0,,,,
1780342584,,,,,160,,,
1780342584,,,,,,2,,
1780342584,,,,,,,-160,-385
1780342584,,,,0,,,,
1780342584,,,,,148,,,
1780342584,,,,,,2,,
1780342584,,,,,,,-148,-359
1780342584,,,,0,,,,
1780342584,,,,,136,,,
1780342584,,,,,,2,,
1780342584,,,,,,,-136,-332
1780342584,,,,0,,,,
1780342584,,,,,126,,,
1780342584,,,,,,2,,
1780342584,,,,,,,-126,-311
1780342584,,,,0,,,,
1780342584,,,,,116,,,
1780342584,,,,,,2,,
1780342584,,,,,,,-116,-289
1780342584,,,,0,,,,
1780342584,,,,,106,,,
1780342584,,,,,,2,,
1780342584,,,,,,,-106,-267
1780342584,,,,0,,,,
1780342584,,,,,98,2,,
1780342584,,,,,,,-98,
1780342584,,,,,,,,-354
1780342584,,,,0,,,,
1780342584,,,,,90,2,,
1780342584,,,,,,,-90,
1780342584,,,,,,,,-431
1780342584,,,,0,,,,
1780342584,,,,,82,2,,
1780342584,,,,,,,-82,
1780342584,,,,,,,,-426
1780342584,,,,0,,,,
1780342584,,,,,74,2,,
1780342584,,,,,,,-74,
1780342584,,,,,,,,-408
1780342584,,,,0,,,,
1780342584,,,,,66,,,
1780342584,,,,,,2,-66,
1780342584,,,,,,,,-390
1780342584,,,,0,,,,
1780342584,,,,,59,2,,
1780342584,,,,,,,-59,-375
1780342584,,,,0,,,,
1780342584,,,,,52,2,,
1780342584,,,,,,,-52,
1780342584,,,,,,,,-360
1780342584,,,,0,,,,
1780342584,,,,,45,2,,
1780342584,,,,,,,-45,
1780342584,,,,,,,,-345
1780342584,,,,0,,,,
1780342584,,,,,38,2,,
1780342584,,,,,,,-38,
1780342584,,,,,,,,-329
1780342584,,,,0,,,,
1780342584,,,,,32,2,,
1780342584,,,,,,,-32,
1780342584,,,,,,,,-317
1780342584,,,,0,,,,
1780342584,,,,,26,2,,
1780342584,,,,,,,-26,
1780342584,,,,,,,,-303
1780342584,,,,0,,,,
1780342584,,,,,20,2,,
1780342584,,,,,,,-20,
1780342584,,,,,,,,-290
1780342584,,,,0,,,,
1780342584,,,,,16,2,,
1780342584,,,,,,,-16,
1780342584,,,,,,,,-282
1780342584,,,,0,,,,
1780342584,,,,,12,2,,
1780342584,,,,,,,-12,
1780342584,,,,,,,,-274
1780342584,,,,0,,,,
1780342584,,,,,8,2,,
1780342584,,,,,,,-8,
1780342584,,,,,,,,-265
1780342584,,,,0,,,,
1780342584,,,,,4,3,,
1780342584,,,,,,,-8,
1780342584,,,,,,,,-265
1780342584,,,,0,,,,
1780342584,,,,,2,3,,
1780342584,,,,,,,-8,
1780342584,,,,,,,,-265
1780342584,,,,0,,,,
1780342584,,,,,1,3,,
1780342584,,,,,,,-8,
1780342584,,,,,,,,-265
1780342584,,,,0,,,,
1780342584,,,,,0,3,,
1780342584,,,,,,,-8,
1780342584,,,,,,,,-265
1780342584,,,,0,,,,
1780342584,,,,,0,3,,
1780342584,,,,,,,-8,
1780342584,,,,,,,,-265
1780342584,,,,0,,,,
1780342584,,,,,0,3,-8,
1780342584,,,,,,,,-265
1780342584,,,,0,,,,
1780342584,,,,,0,3,,
1780342584,,,,,,,-8,
1780342584,,,,,,,,-265
1780342584,,,,0,,,,
1780342584,,,,,0,3,,
1780342584,,,,,,,-8,
1780342584,,,,,,,,-265
1780342584,,,,0,,,,
1780342584,,,,,0,3,,
1780342584,,,,,,,-8,
1780342584,,,,,,,,-265
1780342584,,,,0,,,,
1780342584,,,,,0,3,,
1780342584,,,,,,,-8,
1780342584,,,,,,,,-265
1780342584,,,,0,,,,
1780342584,,,,,0,3,,
1780342584,,,,,,,-8,
1780342584,,,,,,,,-265
1780342584,,,,0,,,,
1780342584,,,,,0,3,,
1780342584,,,,,,,-8,
1780342584,,,,,,,,-265
1780342584,,,,0,,,,
1780342584,,,,,0,3,,
1780342584,,,,,,,-8,
1780342584,,,,,,,,-265
1780342584,,,,0,,,,
1780342584,,,,,0,3,,
1780342584,,,,,,,-8,
1780342584,,,,,,,,-265
1780342584,,,,0,,,,
1780342584,,,,,0,3,,
1780342584,,,,,,,-8,
1780342584,,,,,,,,-265
1780342584,,,,0,,,,
1780342584,,,,,0,3,-8,
1780342584,,,,,,,,-265
1780342584,,,,0,,,,
1780342584,,,,,0,3,,
1780342584,,,,,,,-8,
1780342584,,,,,,,,-265
1780342584,,,,0,,,,
1780342584,,,,,0,3,,
1780342584,,,,,,,-8,
1780342584,,,,,,,,-265
1780342584,,,,0,,,,
1780342584,,,,,0,3,,
1780342584,,,,,,,-8,
1780342584,,,,,,,,-265
1780342584,,,,0,,,,
1780342584,,,,,0,3,,
1780342584,,,,,,,-8,
1780342584,,,,,,,,-265
1780342584,,,,0,,,,
1780342584,,,,,0,3,,
1780342584,,,,,,,-8,
1780342584,,,,,,,,-265
1780342584,,,,0,,,,
1780342584,,,,,0,3,,
1780342584,,,,,,,-8,
1780342584,,,,,,,,-265
1780342584,,,,0,,,,
1780342584,,,,,0,3,,
1780342584,,,,,,,-8,
1780342584,,,,,,,,-265
1780342584,,,,0,,,,
1780342584,,,,,0,3,,
1780342584,,,,,,,-8,
1780342584,,,,,,,,-265
1780342584,,,,0,,,,
1780342584,,,,,0,3,,
1780342584,,,,,,,-8,
1780342584,,,,,,,,-265
1780342584,,,,0,,,,
1780342584,,,,,0,3,,
1780342584,,,,,,,-8,
1780342584,,,,,,,,-265
1780342584,,,,0,,,,
1780342584,,,,,0,3,,
1780342584,,,,,,,-8,
1780342584,,,,,,,,-265
1780342584,,,,0,,,,
1780342584,,,,,0,3,,
1780342584,,,,,,,-8,
1780342584,,,,,,,,-265
1780342584,,,,0,,,,
1780342584,,,,,0,3,,
1780342584,,,,,,,-8,
1780342584,,,,,,,,-265
1780342585,,,,0,,,,
1780342585,,,,,0,3,,
1780342585,,,,,,,-8,
1780342585,,,,,,,,-265
1780342585,,,,0,,,,
1780342585,,,,,0,3,,
1780342585,,,,,,,-8,
1780342585,,,,,,,,-265
1780342585,,,,0,,,,
1780342585,,,,,0,3,,
1780342585,,,,,,,-8,
1780342585,,,,,,,,-265
1780342585,,,,0,,,,
1780342585,,,,,0,3,,
1780342585,,,,,,,-8,
1780342585,,,,,,,,-265
1780342585,,,,0,,,,
1780342585,,,,,0,3,,
1780342585,,,,,,,-8,
1780342585,,,,,,,,-265
1780342585,,,,0,0,3,,
1780342585,,,,,,,-8,
1780342585,,,,,,,,-265
1780342585,,,,0,,,,
1780342585,,,,,0,3,-8,
1780342585,,,,,,,,-265
1780342585,,,,0,,,,
1780342585,,,,,0,,,
1780342585,,,,,,3,-8,
1780342585,,,,,,,,-265
1780342585,,,,0,,,,
1780342585,,,,,0,3,,
1780342585,,,,,,,-8,
1780342585,,,,,,,,-265
1780342585,,,,0,,,,
1780342585,,,,,0,3,,
1780342585,,,,,,,-8,
1780342585,,,,,,,,-265
1780342585,,,,0,,,,
1780342585,,,,,0,3,,
1780342585,,,,,,,-8,
1780342585,,,,,,,,-265
1780342585,,,,0,,,,
1780342585,,,,,0,3,,
1780342585,,,,,,,-8,
1780342585,,,,,,,,-265
1780342585,,,,0,,,,
1780342585,,,,,0,3,,
1780342585,,,,,,,-8,
1780342585,,,,,,,,-265
1780342585,,,,0,,,,
1780342585,,,,,0,3,,
1780342585,,,,,,,-8,
1780342585,,,,,,,,-265
1780342585,,,,0,,,,
1780342585,,,,,0,3,,
1780342585,,,,,,,-8,
1780342585,,,,,,,,-265
1780342585,,,,0,,,,
1780342585,,,,,0,3,,
1780342585,,,,,,,-8,
1780342585,,,,,,,,-265
1780342585,,,,0,,,,
1780342585,,,,,0,3,,
1780342585,,,,,,,-8,
1780342585,,,,,,,,-265
1780342585,,,,0,,,,
1780342585,,,,,0,3,,
1780342585,,,,,,,-8,
1780342585,,,,,,,,-265
1780342585,,,,0,,,,
1780342585,,,,,0,3,,
1780342585,,,,,,,-8,
1780342585,,,,,,,,-265
1780342585,,,,0,,,,
1780342585,,,,,0,3,,
1780342585,,,,,,,-8,
1780342585,,,,,,,,-265
1780342585,,,,0,,,,
1780342585,,,,,0,3,,
1780342585,,,,,,,-8,
1780342585,,,,,,,,-265
1780342585,,,,0,,,,
1780342585,,,,,0,3,,
1780342585,,,,,,,-8,
1780342585,,,,,,,,-265
1780342585,,,,0,,,,
1780342585,,,,,0,3,,
1780342585,,,,,,,-8,
1780342585,,,,,,,,-265
1780342585,,,,0,0,,,
1780342585,,,,,,3,,
1780342585,,,,,,,-8,
1780342585,,,,,,,,-265
1780342585,,,,0,0,,,
1780342585,,,,,,3,,
1780342585,,,,,,,-8,
1780342585,,,,,,,,-265
1780342585,,,,0,0,,,
1780342585,,,,,,3,,
1780342585,,,,,,,-8,
1780342585,,,,,,,,-265
1780342585,,,,0,,,,
1780342585,,,,,0,3,,
1780342585,,,,,,,-8,
1780342585,,,,,,,,-265
1780342585,,,,0,0,,,
1780342585,,,,,,3,-8,
1780342585,,,,,,,,-265
1780342585,,,,0,0,,,
1780342585,,,,,,3,,
1780342585,,,,,,,-8,
1780342585,,,,,,,,-265
1780342585,,,,0,0,,,
1780342585,,,,,,3,,
1780342585,,,,,,,-8,
1780342585,,,,,,,,-265
1780342585,,,,0,0,,,
1780342585,,,,,,3,,
1780342585,,,,,,,-8,
1780342585,,,,,,,,-265
1780342585,,,,0,0,,,
1780342585,,,,,,3,,
1780342585,,,,,,,-8,
1780342585,,,,,,,,-265
1780342585,,,,0,0,,,
1780342585,,,,,,3,,
1780342585,,,,,,,-8,
1780342585,,,,,,,,-265
1780342585,,,,0,0,,,
1780342585,,,,,,3,,
1780342585,,,,,,,-8,
1780342585,,,,,,,,-265
1780342585,,,,0,0,,,
1780342585,,,,,,3,,
1780342585,,,,,,,-8,
1780342585,,,,,,,,-265
1780342585,,,,0,0,,,
1780342585,,,,,,3,,
1780342585,,,,,,,-8,
1780342585,,,,,,,,-265
1780342585,,,,0,0,,,
1780342585,,,,,,3,-8,
1780342585,,,,,,,,-265
1780342585,,,,0,0,,,
1780342585,,,,,,3,,
1780342585,,,,,,,-8,-265
1780342585,,,,0,0,,,
1780342585,,,,,,3,,
1780342585,,,,,,,-8,
1780342585,,,,,,,,-265
1780342585,,,,0,0,,,
1780342585,,,,,,3,,
1780342585,,,,,,,-8,
1780342585,,,,,,,,-265
1780342585,,,,0,0,,,
1780342585,,,,,,3,,
1780342585,,,,,,,-8,
1780342585,,,,,,,,-265
1780342585,,,,0,,,,
1780342585,,,,,0,3,,
1780342585,,,,,,,-8,
1780342585,,,,,,,,-265
1780342585,,,,0,,,,
1780342585,,,,,0,3,,
1780342585,,,,,,,-8,
1780342585,,,,,,,,-265
1780342585,,,,0,0,,,
1780342585,,,,,,3,,
1780342585,,,,,,,-8,
1780342585,,,,,,,,-265
1780342585,,,,0,0,,,
1780342585,,,,,,3,,
1780342585,,,,,,,-8,
1780342585,,,,,,,,-265
1780342585,,,,0,0,,,
1780342585,,,,,,3,,
1780342585,,,,,,,-8,
1780342585,,,,,,,,-265
1780342585,,,,0,0,,,
1780342585,,,,,,3,,
1780342585,,,,,,,-8,
1780342585,,,,,,,,-265
1780342585,,,,0,0,,,
1780342585,,,,,,3,,
1780342585,,,,,,,-8,-265
1780342585,,,,0,0,,,
1780342585,,,,,,3,,
1780342585,,,,,,,-8,
1780342585,,,,,,,,-265
1780342585,,,,0,0,,,
1780342585,,,,,,3,,
1780342585,,,,,,,-8,
1780342585,,,,,,,,-265
1780342585,,,,0,0,,,
1780342585,,,,,,3,,
1780342585,,,,,,,-8,
1780342585,,,,,,,,-265
1780342585,,,,0,0,,,
1780342585,,,,,,3,,
1780342585,,,,,,,-8,
1780342585,,,,,,,,-265
1780342585,,,,0,0,,,
1780342585,,,,,,3,,
1780342585,,,,,,,-8,
1780342585,,,,,,,,-265
1780342585,,,,0,0,,,
1780342585,,,,,,3,,
1780342585,,,,,,,-8,
1780342585,,,,,,,,-265
1780342585,,,,0,0,,,
1780342585,,,,,,3,,
1780342585,,,,,,,-8,
1780342585,,,,,,,,-265
1780342585,,,,0,0,,,
1780342585,,,,,,3,,
1780342585,,,,,,,-8,
1780342585,,,,,,,,-265
1780342585,,,,0,,,,
1780342585,,,,,0,,,
1780342585,,,,,,3,-8,
1780342585,,,,,,,,-265
1780342585,,,,0,0,,,
1780342585,,,,,,3,,
1780342585,,,,,,,-8,-265
1780342585,,,,0,0,,,
1780342585,,,,,,3,,
1780342585,,,,,,,-8,
1780342585,,,,,,,,-265
1780342585,,,,0,,,,
1780342585,,,,,0,,,
1780342585,,,,,,3,,
1780342585,,,,,,,-8,
1780342585,,,,,,,,-265
1780342585,,,,0,,,,
1780342585,,,,,0,,,
1780342585,,,,,,3,,
1780342585,,,,,,,-8,
1780342585,,,,,,,,-265
1780342585,,,,0,0,,,
1780342585,,,,,,3,,
1780342585,,,,,,,-8,
1780342585,,,,,,,,-265
1780342585,,,,0,0,,,
1780342585,,,,,,3,,
1780342585,,,,,,,-8,
1780342585,,,,,,,,-265
1780342585,,,,0,0,,,
1780342585,,,,,,3,,
1780342585,,,,,,,-8,
1780342585,,,,,,,,-265
1780342585,,,,0,0,,,
1780342585,,,,,,3,,
1780342585,,,,,,,-8,
1780342585,,,,,,,,-265
1780342585,,,,0,0,,,
1780342585,,,,,,3,,
1780342585,,,,,,,-8,
1780342585,,,,,,,,-265
1780342585,,,,0,,,,
1780342585,,,,,0,,,
1780342585,,,,,,3,,
1780342585,,,,,,,-8,
1780342585,,,,,,,,-265
1780342586,,,,0,0,,,
1780342586,,,,,,3,,
1780342586,,,,,,,-8,-265
1780342586,,,,0,,,,
1780342586,,,,,0,,,
1780342586,,,,,,3,,
1780342586,,,,,,,-8,
1780342586,,,,,,,,-265
1780342586,,,,0,,,,
1780342586,,,,,0,,,
1780342586,,,,,,3,,
1780342586,,,,,,,-8,
1780342586,,,,,,,,-265
1780342586,,,,0,,,,
1780342586,,,,,0,,,
1780342586,,,,,,3,,
1780342586,,,,,,,-8,
1780342586,,,,,,,,-265
1780342586,,,,0,,,,
1780342586,,,,,0,,,
1780342586,,,,,,3,,
1780342586,,,,,,,-8,
1780342586,,,,,,,,-265
1780342586,,,,0,,,,
1780342586,,,,,0,,,
1780342586,,,,,,3,,
1780342586,,,,,,,-8,
1780342586,,,,,,,,-265
1780342586,,,,0,0,,,
1780342586,,,,,,3,,
1780342586,,,,,,,-8,
1780342586,,,,,,,,-265
1780342586,,,,0,,,,
1780342586,,,,,0,,,
1780342586,,,,,,3,,
1780342586,,,,,,,-8,
1780342586,,,,,,,,-265
1780342586,,,,0,,,,
1780342586,,,,,0,,,
1780342586,,,,,,3,,
1780342586,,,,,,,-8,
1780342586,,,,,,,,-265
1780342586,,,,0,,,,
1780342586,,,,,0,,,
1780342586,,,,,,3,,
1780342586,,,,,,,-8,
1780342586,,,,,,,,-265
1780342586,,,,0,,,,
1780342586,,,,,0,,,
1780342586,,,,,,3,,
1780342586,,,,,,,-8,
1780342586,,,,,,,,-265
1780342586,,,,0,,,,
1780342586,,,,,0,,,
1780342586,,,,,,3,,
1780342586,,,,,,,-8,
1780342586,,,,,,,,-265
1780342586,,,,0,,,,
1780342586,,,,,0,,,
1780342586,,,,,,3,,
1780342586,,,,,,,-8,
1780342586,,,,,,,,-265
1780342586,,,,0,,,,
1780342586,,,,,0,,,
1780342586,,,,,,3,,
1780342586,,,,,,,-8,
1780342586,,,,,,,,-265
1780342586,,,,0,,,,
1780342586,,,,,0,,,
1780342586,,,,,,3,,
1780342586,,,,,,,-8,
1780342586,,,,,,,,-265
1780342586,,,,0,,,,
1780342586,,,,,0,,,
1780342586,,,,,,3,,
1780342586,,,,,,,-8,-265
1780342586,,,,0,,,,
1780342586,,,,,0,,,
1780342586,,,,,,3,,
1780342586,,,,,,,-8,
1780342586,,,,,,,,-265
1780342586,,,,0,,,,
1780342586,,,,,0,,,
1780342586,,,,,,3,,
1780342586,,,,,,,-8,
1780342586,,,,,,,,-265
1780342586,,,,0,,,,
1780342586,,,,,0,,,
1780342586,,,,,,3,,
1780342586,,,,,,,-8,
1780342586,,,,,,,,-265
1780342586,,,,0,0,,,
1780342586,,,,,,3,,
1780342586,,,,,,,-8,
1780342586,,,,,,,,-265
1780342586,,,,0,,,,
1780342586,,,,,0,,,
1780342586,,,,,,3,,
1780342586,,,,,,,-8,
1780342586,,,,,,,,-265
1780342586,,,,0,,,,
1780342586,,,,,0,,,
1780342586,,,,,,3,,
1780342586,,,,,,,-8,
1780342586,,,,,,,,-265
1780342586,,,,0,,,,
1780342586,,,,,0,,,
1780342586,,,,,,3,,
1780342586,,,,,,,-8,
1780342586,,,,,,,,-265
1780342586,,,,0,,,,
1780342586,,,,,0,3,,
1780342586,,,,,,,-8,
1780342586,,,,,,,,-265
1780342586,,,,0,,,,
1780342586,,,,,0,,,
1780342586,,,,,,3,,
1780342586,,,,,,,-8,
1780342586,,,,,,,,-265
1780342586,,,,0,0,,,
1780342586,,,,,,3,,
1780342586,,,,,,,-8,
1780342586,,,,,,,,-265
1780342586,,,,0,0,,,
1780342586,,,,,,3,,
1780342586,,,,,,,-8,
1780342586,,,,,,,,-265
1780342586,,,,0,0,,,
1780342586,,,,,,3,,
1780342586,,,,,,,-8,
1780342586,,,,,,,,-265
1780342586,,,,0,,,,
1780342586,,,,,0,,,
1780342586,,,,,,3,,
1780342586,,,,,,,-8,
1780342586,,,,,,,,-265
1780342586,,,,0,,,,
1780342586,,,,,0,,,
1780342586,,,,,,3,-8,
1780342586,,,,,,,,-265
1780342586,,,,0,,,,
1780342586,,,,,0,,,
1780342586,,,,,,3,,
1780342586,,,,,,,-8,-265
1780342586,,,,0,,,,
1780342586,,,,,0,,,
1780342586,,,,,,3,,
1780342586,,,,,,,-8,
1780342586,,,,,,,,-265
1780342586,,,,0,,,,
1780342586,,,,,0,,,
1780342586,,,,,,3,,
1780342586,,,,,,,-8,
1780342586,,,,,,,,-265
1780342586,,,,0,,,,
1780342586,,,,,0,,,
1780342586,,,,,,3,,
1780342586,,,,,,,-8,
1780342586,,,,,,,,-265
1780342586,,,,0,,,,
1780342586,,,,,0,,,
1780342586,,,,,,3,,
1780342586,,,,,,,-8,
1780342586,,,,,,,,-265
1780342586,,,,0,,,,
1780342586,,,,,0,,,
1780342586,,,,,,3,,
1780342586,,,,,,,-8,
1780342586,,,,,,,,-265
1780342586,,,,0,,,,
1780342586,,,,,0,,,
1780342586,,,,,,3,,
1780342586,,,,,,,-8,
1780342586,,,,,,,,-265
1780342586,,,,0,,,,
1780342586,,,,,0,,,
1780342586,,,,,,3,,
1780342586,,,,,,,-8,
1780342586,,,,,,,,-265
1780342586,,,,0,,,,
1780342586,,,,,0,,,
1780342586,,,,,,3,,
1780342586,,,,,,,-8,
1780342586,,,,,,,,-265
1780342586,,,,0,0,,,
1780342586,,,,,,3,,
1780342586,,,,,,,-8,
1780342586,,,,,,,,-265
1780342586,,,,0,,,,
1780342586,,,,,0,,,
1780342586,,,,,,3,,
1780342586,,,,,,,-8,
1780342586,,,,,,,,-265
1780342586,,,,0,,,,
1780342586,,,,,0,,,
1780342586,,,,,,3,,
1780342586,,,,,,,-8,
1780342586,,,,,,,,-265
1780342586,,,,0,,,,
1780342586,,,,,0,,,
1780342586,,,,,,3,-8,
1780342586,,,,,,,,-265
1780342586,,,,0,,,,
1780342586,,,,,0,,,
1780342586,,,,,,3,,
1780342586,,,,,,,-8,
1780342586,,,,,,,,-265
1780342586,,,,0,,,,
1780342586,,,,,0,,,
1780342586,,,,,,3,,
1780342586,,,,,,,-8,
1780342586,,,,,,,,-265
1780342586,,,,0,,,,
1780342586,,,,,0,3,,
1780342586,,,,,,,-8,-265
1780342586,,,,0,,,,
1780342586,,,,,0,3,,
1780342586,,,,,,,-8,
1780342586,,,,,,,,-265
1780342586,,,,0,0,,,
1780342586,,,,,,3,,
1780342586,,,,,,,-8,
1780342586,,,,,,,,-265
1780342586,,,,0,,,,
1780342586,,,,,0,,,
1780342586,,,,,,3,,
1780342586,,,,,,,-8,
1780342586,,,,,,,,-265
1780342586,,,,0,,,,
1780342586,,,,,0,,,
1780342586,,,,,,3,-8,-265
1780342586,,,,0,,,,
1780342586,,,,,0,,,
1780342586,,,,,,3,,
1780342586,,,,,,,-8,
1780342586,,,,,,,,-265
1780342586,,,,0,,,,
1780342586,,,,,0,,,
1780342586,,,,,,3,,
1780342586,,,,,,,-8,
1780342586,,,,,,,,-265
1780342586,,,,0,,,,
1780342586,,,,,0,,,
1780342586,,,,,,3,,
1780342586,,,,,,,-8,
1780342586,,,,,,,,-265
1780342586,,,,0,,,,
1780342586,,,,,0,,,
1780342586,,,,,,3,,
1780342586,,,,,,,-8,-265
1780342586,,,,0,,,,
1780342586,,,,,0,,,
1780342586,,,,,,3,-8,
1780342586,,,,,,,,-265
1780342586,,,,0,0,,,
1780342586,,,,,,3,,
1780342586,,,,,,,-8,-265
1780342586,,,,0,,,,
1780342586,,,,,0,3,,
1780342586,,,,,,,-8,
1780342586,,,,,,,,-265
1780342586,,,,0,,,,
1780342586,,,,,0,3,,
1780342586,,,,,,,-8,
1780342586,,,,,,,,-265
1780342586,,,,0,0,,,
1780342586,,,,,,3,,
1780342586,,,,,,,-8,
1780342586,,,,,,,,-265
1780342586,,,,0,,,,
1780342586,,,,,0,,,
1780342586,,,,,,3,-8,
1780342586,,,,,,,,-265
1780342586,,,,0,,,,
1780342586,,,,,0,,,
1780342586,,,,,,3,,
1780342586,,,,,,,-8,
1780342586,,,,,,,,-265
1780342586,,,,0,,,,
1780342586,,,,,0,,,
1780342586,,,,,,3,,
1780342586,,,,,,,-8,
1780342586,,,,,,,,-265
1780342586,,,,0,0,,,
1780342586,,,,,,3,-8,
1780342586,,,,,,,,-265
1780342586,,,,0,0,,,
1780342586,,,,,,3,,
1780342586,,,,,,,-8,
1780342586,,,,,,,,-265
1780342586,,,,0,,,,
1780342586,,,,,0,,,
1780342586,,,,,,3,,
1780342586,,,,,,,-8,-265
1780342586,,,,0,,,,
1780342586,,,,,0,,,
1780342586,,,,,,3,,
1780342586,,,,,,,-8,
1780342586,,,,,,,,-265
1780342586,,,,0,,,,
1780342587,,,,,0,,,
1780342587,,,,,,3,-8,
1780342587,,,,,,,,-265
1780342587,,,,0,0,,,
1780342587,,,,,,3,-8,
1780342587,,,,,,,,-265
1780342587,,,,0,0,,,
1780342587,,,,,,3,-8,
1780342587,,,,,,,,-265
1780342587,,,,0,,,,
1780342587,,,,,0,,,
1780342587,,,,,,3,,
1780342587,,,,,,,-8,
1780342587,,,,,,,,-265
1780342587,,,,0,0,,,
1780342587,,,,,,3,,
1780342587,,,,,,,-8,
1780342587,,,,,,,,-265
1780342587,,,,0,,,,
1780342587,,,,,0,,,
1780342587,,,,,,3,,
1780342587,,,,,,,-8,
1780342587,,,,,,,,-265
1780342587,,,,0,,,,
1780342587,,,,,0,,,
1780342587,,,,,,3,,
1780342587,,,,,,,-8,
1780342587,,,,,,,,-265
1780342587,,,,0,,,,
1780342587,,,,,0,,,
1780342587,,,,,,3,,
1780342587,,,,,,,-8,
1780342587,,,,,,,,-265
1780342587,,,,0,0,,,
1780342587,,,,,,3,,
1780342587,,,,,,,-8,
1780342587,,,,,,,,-265
1780342587,,,,0,,,,
1780342587,,,,,0,,,
1780342587,,,,,,3,-8,
1780342587,,,,,,,,-265
1780342587,,,,0,0,,,
1780342587,,,,,,3,-8,
1780342587,,,,,,,,-265
1780342587,,,,0,,,,
1780342587,,,,,0,,,
1780342587,,,,,,3,,
1780342587,,,,,,,-8,
1780342587,,,,,,,,-265
1780342587,,,,0,0,,,
1780342587,,,,,,3,,
1780342587,,,,,,,-8,
1780342587,,,,,,,,-265
1780342587,,,,0,,,,
1780342587,,,,,0,,,
1780342587,,,,,,3,,
1780342587,,,,,,,-8,-265
1780342587,,,,0,,,,
1780342587,,,,,0,,,
1780342587,,,,,,3,,
1780342587,,,,,,,-8,
1780342587,,,,,,,,-265
1780342587,,,,0,,,,
1780342587,,,,,0,,,
1780342587,,,,,,3,,
1780342587,,,,,,,-8,
1780342587,,,,,,,,-265
1780342587,,,,0,0,,,
1780342587,,,,,,3,,
1780342587,,,,,,,-8,-265
1780342587,,,,0,,,,
1780342587,,,,,0,,,
1780342587,,,,,,3,,
1780342587,,,,,,,-8,
1780342587,,,,,,,,-265
1780342587,,,,0,0,,,
1780342587,,,,,,3,,
1780342587,,,,,,,-8,-265
1780342587,,,,0,,,,
1780342587,,,,,0,,,
1780342587,,,,,,3,,
1780342587,,,,,,,-8,
1780342587,,,,,,,,-265
1780342587,,,,0,,,,
1780342587,,,,,0,3,,
1780342587,,,,,,,-8,-265
1780342587,,,,0,0,,,
1780342587,,,,,,3,,
1780342587,,,,,,,-8,
1780342587,,,,,,,,-265
1780342587,,,,0,,,,
1780342587,,,,,0,3,,
1780342587,,,,,,,-8,
1780342587,,,,,,,,-265
1780342587,,,,0,,,,
1780342587,,,,,0,,,
1780342587,,,,,,3,-8,
1780342587,,,,,,,,-265
1780342587,,,,0,,,,
1780342587,,,,,0,,,
1780342587,,,,,,3,,
1780342587,,,,,,,-8,
1780342587,,,,,,,,-265
1780342587,,,,0,0,,,
1780342587,,,,,,3,,
1780342587,,,,,,,-8,
1780342587,,,,,,,,-265
1780342587,,,,0,,,,
1780342587,,,,,0,,,
1780342587,,,,,,3,,
1780342587,,,,,,,-8,-265
1780342587,,,,0,,,,
1780342587,,,,,0,,,
1780342587,,,,,,3,,
1780342587,,,,,,,-8,
1780342587,,,,,,,,-265
1780342587,,,,0,0,,,
1780342587,,,,,,3,,
1780342587,,,,,,,-8,-265
1780342587,,,,0,,,,
1780342587,,,,,0,,,
1780342587,,,,,,3,,
1780342587,,,,,,,-8,
1780342587,,,,,,,,-265
1780342587,,,,0,,,,
1780342587,,,,,0,,,
1780342587,,,,,,3,-8,
1780342587,,,,,,,,-265
1780342587,,,,0,,,,
1780342587,,,,,0,,,
1780342587,,,,,,3,,
1780342587,,,,,,,-8,-265
1780342587,,,,0,,,,
1780342587,,,,,0,,,
1780342587,,,,,,3,,
1780342587,,,,,,,-8,-265
1780342587,,,,0,,,,
1780342587,,,,,0,,,
1780342587,,,,,,3,-8,
1780342587,,,,,,,,-265
1780342587,,,,0,0,3,,
1780342587,,,,,,,-8,
1780342587,,,,,,,,-265
1780342587,,,,0,,,,
1780342587,,,,,0,,,
1780342587,,,,,,3,,
1780342587,,,,,,,-8,
1780342587,,,,,,,,-265
1780342587,,,,0,,,,
1780342587,,,,,0,,,
1780342587,,,,,,3,,
1780342587,,,,,,,-8,
1780342587,,,,,,,,-265
1780342587,,,,0,,,,
1780342587,,,,,0,,,
1780342587,,,,,,3,,
1780342587,,,,,,,-8,
1780342587,,,,,,,,-265
1780342587,,,,0,0,,,
1780342587,,,,,,3,-8,
1780342587,,,,,,,,-265
1780342587,,,,0,0,,,
1780342587,,,,,,0,,
1780342587,,,,,,,0,
1780342587,,,,,,,,0
1780342587,,,,515,,,,
1780342587,,,,,0,0,,
1780342587,,,,,,,515,
1780342587,,,,,,,,500
1780342587,,,,515,,,,
1780342587,,,,,0,0,,
1780342587,,,,,,,515,
1780342587,,,,,,,,500
1780342587,,,,515,,,,
1780342587,,,,,2,0,,
1780342587,,,,,,,513,
1780342587,,,,,,,,500
1780342587,,,,515,,,,
1780342587,,,,,3,0,,
1780342587,,,,,,,512,
1780342587,,,,,,,,500
1780342587,,,,515,,,,
1780342587,,,,,6,,,
1780342587,,,,,,0,,
1780342587,,,,,,,509,500
1780342587,,,,515,,,,
1780342587,,,,,8,,,
1780342587,,,,,,0,,
1780342587,,,,,,,507,500
1780342587,,,,515,12,0,,
1780342587,,,,,,,503,
1780342587,,,,,,,,500
1780342587,,,,515,,,,
1780342587,,,,,18,,,
1780342587,,,,,,0,,
1780342587,,,,,,,497,500
1780342587,,,,515,,,,
1780342587,,,,,24,0,,
1780342587,,,,,,,491,
1780342587,,,,,,,,500
1780342587,,,,515,,,,
1780342587,,,,,30,0,,
1780342587,,,,,,,485,
1780342587,,,,,,,,500
1780342587,,,,515,,,,
1780342587,,,,,36,0,,
1780342587,,,,,,,479,500
1780342587,,,,515,,,,
1780342587,,,,,43,0,472,
1780342587,,,,,,,,500
1780342587,,,,515,51,,,
1780342587,,,,,,0,464,
1780342587,,,,,,,,500
1780342587,,,,515,59,,,
1780342587,,,,,,0,456,
1780342587,,,,,,,,500
1780342587,,,,515,,,,
1780342587,,,,,68,0,,
1780342587,,,,,,,447,500
1780342587,,,,515,,,,
1780342587,,,,,77,0,,
1780342587,,,,,,,438,
1780342587,,,,,,,,500
1780342587,,,,515,,,,
1780342587,,,,,86,0,429,
1780342587,,,,,,,,500
1780342587,,,,515,,,,
1780342587,,,,,96,,,
1780342587,,,,,,0,,
1780342587,,,,,,,419,
1780342587,,,,,,,,500
1780342587,,,,515,,,,
1780342587,,,,,106,0,409,
1780342587,,,,,,,,500
1780342587,,,,515,,,,
1780342587,,,,,117,,,
1780342587,,,,,,0,398,
1780342587,,,,,,,,500
1780342587,,,,515,,,,
1780342587,,,,,128,,,
1780342587,,,,,,0,387,
1780342587,,,,,,,,500
1780342587,,,,515,,,,
1780342587,,,,,139,,,
1780342587,,,,,,0,376,
1780342587,,,,,,,,500
1780342587,,,,515,150,,,
1780342587,,,,,,0,365,
1780342587,,,,,,,,500
1780342587,,,,515,,,,
1780342587,,,,,162,0,,
1780342587,,,,,,,353,500
1780342587,,,,515,,,,
1780342587,,,,,174,0,,
1780342587,,,,,,,341,500
1780342587,,,,515,186,0,,
1780342587,,,,,,,329,
1780342587,,,,,,,,500
1780342587,,,,515,,,,
1780342587,,,,,198,,,
1780342587,,,,,,0,317,
1780342587,,,,,,,,500
1780342588,,,,515,,,,
1780342588,,,,,211,0,,
1780342588,,,,,,,304,
1780342588,,,,,,,,500
1780342588,,,,515,,,,
1780342588,,,,,224,,,
1780342588,,,,,,0,291,
1780342588,,,,,,,,500
1780342588,,,,515,,,,
1780342588,,,,,236,,,
1780342588,,,,,,0,279,
1780342588,,,,,,,,500
1780342588,,,,515,,,,
1780342588,,,,,250,,,
1780342588,,,,,,0,265,
1780342588,,,,,,,,500
1780342588,,,,515,,,,
1780342588,,,,,263,0,252,
1780342588,,,,,,,,500
1780342588,,,,515,276,0,,
1780342588,,,,,,,239,
1780342588,,,,,,,,500
1780342588,,,,515,,,,
1780342588,,,,,290,0,,
1780342588,,,,,,,225,
1780342588,,,,,,,,500
1780342588,,,,515,,,,
1780342588,,,,,304,,,
1780342588,,,,,,0,211,
1780342588,,,,,,,,496
1780342588,,,,515,,,,
1780342588,,,,,318,0,,
1780342588,,,,,,,197,
1780342588,,,,,,,,465
1780342588,,,,515,,,,
1780342588,,,,,332,0,183,
1780342588,,,,,,,,434
1780342588,,,,515,,,,
1780342588,,,,,346,0,169,
1780342588,,,,,,,,404
1780342588,,,,515,,,,
1780342588,,,,,359,0,156,
1780342588,,,,,,,,376
1780342588,,,,515,,,,
1780342588,,,,,372,,,
1780342588,,,,,,0,,
1780342588,,,,,,,143,
1780342588,,,,,,,,347
1780342588,,,,515,,,,
1780342588,,,,,384,0,,
1780342588,,,,,,,131,
1780342588,,,,,,,,321
1780342588,,,,515,,,,
1780342588,,,,,396,0,119,
1780342588,,,,,,,,295
1780342588,,,,515,,,,
1780342588,,,,,408,0,,
1780342588,,,,,,,107,268
1780342588,,,,515,,,,
1780342588,,,,,418,0,97,
1780342588,,,,,,,,349
1780342588,,,,515,,,,
1780342588,,,,,429,0,,
1780342588,,,,,,,86,
1780342588,,,,,,,,415
1780342588,,,,515,,,,
1780342588,,,,,438,,,
1780342588,,,,,,0,77,
1780342588,,,,,,,,414
1780342588,,,,515,,,,
1780342588,,,,,448,0,67,
1780342588,,,,,,,,391
1780342588,,,,515,,,,
1780342588,,,,,458,0,57,
1780342588,,,,,,,,369
1780342588,,,,515,,,,
1780342588,,,,,468,0,,
1780342588,,,,,,,47,
1780342588,,,,,,,,347
1780342588,,,,515,,,,
1780342588,,,,,476,0,39,
1780342588,,,,,,,,331
1780342588,,,,515,,,,
1780342588,,,,,485,,,
1780342588,,,,,,0,30,
1780342588,,,,,,,,311
1780342588,,,,515,,,,
1780342588,,,,,494,0,21,
1780342588,,,,,,,,291
1780342588,,,,515,,,,
1780342588,,,,,501,0,14,
1780342588,,,,,,,,276
1780342588,,,,515,,,,
1780342588,,,,,508,0,7,
1780342588,,,,,,,,261
1780342588,,,,515,,,,
1780342588,,,,,514,1,,
1780342588,,,,,,,7,
1780342588,,,,,,,,261
1780342588,,,,515,,,,
1780342588,,,,,520,1,,
1780342588,,,,,,,7,261
1780342588,,,,515,,,,
1780342588,,,,,524,1,7,
1780342588,,,,,,,,261
1780342588,,,,515,,,,
1780342588,,,,,528,,,
1780342588,,,,,,1,7,
1780342588,,,,,,,,261
1780342588,,,,515,,,,
1780342588,,,,,530,,,
1780342588,,,,,,1,7,
1780342588,,,,,,,,261
1780342588,,,,515,,,,
1780342588,,,,,531,1,,
1780342588,,,,,,,7,
1780342588,,,,,,,,261
1780342588,,,,515,,,,
1780342588,,,,,532,1,,
1780342588,,,,,,,7,
1780342588,,,,,,,,261
1780342588,,,,515,,,,
1780342588,,,,,532,,,
1780342588,,,,,,1,7,
1780342588,,,,,,,,261
1780342588,,,,515,,,,
1780342588,,,,,532,1,7,
1780342588,,,,,,,,261
1780342588,,,,515,,,,
1780342588,,,,,532,,,
1780342588,,,,,,1,7,
1780342588,,,,,,,,261
1780342588,,,,515,,,,
1780342588,,,,,532,1,,
1780342588,,,,,,,7,
1780342588,,,,,,,,261
1780342588,,,,515,,,,
1780342588,,,,,532,1,,
1780342588,,,,,,,7,
1780342588,,,,,,,,261
1780342588,,,,515,,,,
1780342588,,,,,532,1,,
1780342588,,,,,,,7,
1780342588,,,,,,,,261
1780342588,,,,515,,,,
1780342588,,,,,532,1,,
1780342588,,,,,,,7,
1780342588,,,,,,,,261
1780342588,,,,515,,,,
1780342588,,,,,532,1,,
1780342588,,,,,,,7,261
1780342588,,,,515,,,,
1780342588,,,,,532,,,
1780342588,,,,,,1,,
1780342588,,,,,,,7,
1780342588,,,,,,,,261
1780342588,,,,515,,,,
1780342588,,,,,532,1,,
1780342588,,,,,,,7,
1780342588,,,,,,,,261
1780342588,,,,515,,,,
1780342588,,,,,532,,,
1780342588,,,,,,1,,
1780342588,,,,,,,7,
1780342588,,,,,,,,261
1780342588,,,,515,,,,
1780342588,,,,,532,1,,
1780342588,,,,,,,7,
1780342588,,,,,,,,261
1780342588,,,,515,,,,
1780342588,,,,,532,1,7,
1780342588,,,,,,,,261
1780342588,,,,515,,,,
1780342588,,,,,532,,,
1780342588,,,,,,1,,
1780342588,,,,,,,7,261
1780342588,,,,515,,,,
1780342588,,,,,532,1,,
1780342588,,,,,,,7,261
1780342588,,,,515,,,,
1780342588,,,,,532,1,,
1780342588,,,,,,,7,
1780342588,,,,,,,,261
1780342588,,,,515,,,,
1780342588,,,,,532,1,,
1780342588,,,,,,,7,
1780342588,,,,,,,,261
1780342588,,,,515,,,,
1780342588,,,,,532,1,7,
1780342588,,,,,,,,261
1780342588,,,,515,,,,
1780342588,,,,,532,1,7,
1780342588,,,,,,,,261
1780342588,,,,515,,,,
1780342588,,,,,532,1,7,
1780342588,,,,,,,,261
1780342588,,,,515,,,,
1780342588,,,,,532,1,,
1780342588,,,,,,,7,
1780342588,,,,,,,,261
1780342588,,,,515,,,,
1780342588,,,,,532,1,7,
1780342588,,,,,,,,261
1780342588,,,,515,,,,
1780342588,,,,,532,,,
1780342588,,,,,,1,,
1780342588,,,,,,,7,261
1780342588,,,,515,,,,
1780342588,,,,,532,,,
1780342588,,,,,,1,,
1780342588,,,,,,,7,261
1780342588,,,,515,,,,
1780342588,,,,,532,1,,
1780342588,,,,,,,7,
1780342588,,,,,,,,261
1780342588,,,,515,,,,
1780342588,,,,,532,1,,
1780342588,,,,,,,7,
1780342588,,,,,,,,261
1780342588,,,,515,,,,
1780342588,,,,,532,1,,
1780342588,,,,,,,7,
1780342588,,,,,,,,261
1780342588,,,,515,,,,
1780342588,,,,,532,1,7,
1780342588,,,,,,,,261
1780342588,,,,515,,,,
1780342588,,,,,532,,,
1780342588,,,,,,1,,
1780342588,,,,,,,7,261
1780342588,,,,515,,,,
1780342588,,,,,532,1,,
1780342588,,,,,,,7,261
1780342588,,,,515,,,,
1780342588,,,,,532,,,
1780342588,,,,,,1,7,
1780342588,,,,,,,,261
1780342588,,,,515,,,,
1780342588,,,,,532,1,,
1780342588,,,,,,,7,
1780342588,,,,,,,,261
1780342588,,,,515,,,,
1780342588,,,,,532,1,,
1780342588,,,,,,,7,261
1780342589,,,,515,,,,
1780342589,,,,,532,1,,
1780342589,,,,,,,7,261
1780342589,,,,515,,,,
1780342589,,,,,532,1,,
1780342589,,,,,,,7,
1780342589,,,,,,,,261
1780342589,,,,515,,,,
1780342589,,,,,532,1,,
1780342589,,,,,,,7,
1780342589,,,,,,,,261
1780342589,,,,515,,,,
1780342589,,,,,532,,,
1780342589,,,,,,1,,
1780342589,,,,,,,7,261
1780342589,,,,515,,,,
1780342589,,,,,532,1,,
1780342589,,,,,,,7,
1780342589,,,,,,,,261
1780342589,,,,515,,,,
1780342589,,,,,532,1,,
1780342589,,,,,,,7,
1780342589,,,,,,,,261
1780342589,,,,515,,,,
1780342589,,,,,532,1,,
1780342589,,,,,,,7,
1780342589,,,,,,,,261
1780342589,,,,515,,,,
1780342589,,,,,532,1,,
1780342589,,,,,,,7,
1780342589,,,,,,,,261
1780342589,,,,515,,,,
1780342589,,,,,532,1,7,
1780342589,,,,,,,,261
1780342589,,,,515,,,,
1780342589,,,,,532,1,,
1780342589,,,,,,,7,
1780342589,,,,,,,,261
1780342589,,,,515,,,,
1780342589,,,,,532,1,,
1780342589,,,,,,,7,
1780342589,,,,,,,,261
1780342589,,,,515,,,,
1780342589,,,,,532,,,
1780342589,,,,,,1,,
1780342589,,,,,,,7,261
1780342589,,,,515,,,,
1780342589,,,,,532,1,,
1780342589,,,,,,,7,261
1780342589,,,,515,,,,
1780342589,,,,,532,1,,
1780342589,,,,,,,7,
1780342589,,,,,,,,261
1780342589,,,,515,,,,
1780342589,,,,,532,,,
1780342589,,,,,,1,7,
1780342589,,,,,,,,261
1780342589,,,,515,,,,
1780342589,,,,,532,,,
1780342589,,,,,,1,,
1780342589,,,,,,,7,
1780342589,,,,,,,,261
1780342589,,,,515,532,,,
1780342589,,,,,,1,,
1780342589,,,,,,,7,
1780342589,,,,,,,,261
1780342589,,,,515,,,,
1780342589,,,,,532,1,,
1780342589,,,,,,,7,
1780342589,,,,,,,,261
1780342589,,,,515,,,,
1780342589,,,,,532,1,,
1780342589,,,,,,,7,
1780342589,,,,,,,,261
1780342589,,,,515,532,,,
1780342589,,,,,,1,,
1780342589,,,,,,,7,261
1780342589,,,,515,532,,,
1780342589,,,,,,1,7,
1780342589,,,,,,,,261
1780342589,,,,515,,,,
1780342589,,,,,532,,,
1780342589,,,,,,1,,
1780342589,,,,,,,7,
1780342589,,,,,,,,261
1780342589,,,,515,532,,,
1780342589,,,,,,1,,
1780342589,,,,,,,7,
1780342589,,,,,,,,261
1780342589,,,,515,,,,
1780342589,,,,,532,,,
1780342589,,,,,,1,,
1780342589,,,,,,,7,
1780342589,,,,,,,,261
1780342589,,,,515,,,,
1780342589,,,,,532,,,
1780342589,,,,,,1,,
1780342589,,,,,,,7,
1780342589,,,,,,,,261
1780342589,,,,515,532,,,
1780342589,,,,,,1,,
1780342589,,,,,,,7,261
1780342589,,,,515,,,,
1780342589,,,,,532,1,,
1780342589,,,,,,,7,
1780342589,,,,,,,,261
1780342589,,,,515,,,,
1780342589,,,,,532,,,
1780342589,,,,,,1,,
1780342589,,,,,,,7,
1780342589,,,,,,,,261
1780342589,,,,515,532,,,
1780342589,,,,,,1,,
1780342589,,,,,,,7,
1780342589,,,,,,,,261
1780342589,,,,515,,,,
1780342589,,,,,532,1,,
1780342589,,,,,,,7,261
1780342589,,,,515,,,,
1780342589,,,,,532,,,
1780342589,,,,,,1,,
1780342589,,,,,,,7,261
1780342589,,,,515,,,,
1780342589,,,,,532,,,
1780342589,,,,,,1,,
1780342589,,,,,,,7,
1780342589,,,,,,,,261
1780342589,,,,515,,,,
1780342589,,,,,532,,,
1780342589,,,,,,1,,
1780342589,,,,,,,7,261
1780342589,,,,515,,,,
1780342589,,,,,532,,,
1780342589,,,,,,1,,
1780342589,,,,,,,7,
1780342589,,,,,,,,261
1780342589,,,,515,532,,,
1780342589,,,,,,1,7,
1780342589,,,,,,,,261
1780342589,,,,515,532,,,
1780342589,,,,,,1,,
1780342589,,,,,,,7,261
1780342589,,,,515,,,,
1780342589,,,,,532,,,
1780342589,,,,,,1,,
1780342589,,,,,,,7,
1780342589,,,,,,,,261
1780342589,,,,515,532,,,
1780342589,,,,,,1,,
1780342589,,,,,,,7,
1780342589,,,,,,,,261
1780342589,,,,515,,,,
1780342589,,,,,532,,,
1780342589,,,,,,1,7,
1780342589,,,,,,,,261
1780342589,,,,515,,,,
1780342589,,,,,532,,,
1780342589,,,,,,1,,
1780342589,,,,,,,7,
1780342589,,,,,,,,261
1780342589,,,,515,,,,
1780342589,,,,,532,,,
1780342589,,,,,,1,,
1780342589,,,,,,,7,
1780342589,,,,,,,,261
1780342589,,,,515,532,,,
1780342589,,,,,,1,,
1780342589,,,,,,,7,
1780342589,,,,,,,,261
1780342589,,,,515,,,,
1780342589,,,,,532,,,
1780342589,,,,,,1,,
1780342589,,,,,,,7,
1780342589,,,,,,,,261
1780342589,,,,515,,,,
1780342589,,,,,532,,,
1780342589,,,,,,1,,
1780342589,,,,,,,7,
1780342589,,,,,,,,261
1780342589,,,,515,,,,
1780342589,,,,,532,,,
1780342589,,,,,,1,,
1780342589,,,,,,,7,
1780342589,,,,,,,,261
1780342589,,,,515,532,,,
1780342589,,,,,,1,,
1780342589,,,,,,,7,
1780342589,,,,,,,,261
1780342589,,,,515,532,,,
1780342589,,,,,,1,,
1780342589,,,,,,,7,
1780342589,,,,,,,,261
1780342589,,,,515,,,,
1780342589,,,,,532,1,,
1780342589,,,,,,,7,
1780342589,,,,,,,,261
1780342589,,,,515,,,,
1780342589,,,,,532,,,
1780342589,,,,,,1,,
1780342589,,,,,,,7,
1780342589,,,,,,,,261
1780342589,,,,515,,,,
1780342589,,,,,532,,,
1780342589,,,,,,1,,
1780342589,,,,,,,7,261
1780342589,,,,515,,,,
1780342589,,,,,532,,,
1780342589,,,,,,1,,
1780342589,,,,,,,7,261
1780342589,,,,515,,,,
1780342589,,,,,532,,,
1780342589,,,,,,1,,
1780342589,,,,,,,7,
1780342589,,,,,,,,261
1780342589,,,,515,,,,
1780342589,,,,,532,,,
1780342589,,,,,,1,,
1780342589,,,,,,,7,261
1780342589,,,,515,,,,
1780342589,,,,,532,,,
1780342589,,,,,,1,,
1780342589,,,,,,,7,
1780342589,,,,,,,,261
1780342589,,,,515,532,,,
1780342589,,,,,,1,,
1780342589,,,,,,,7,261
1780342589,,,,515,532,,,
1780342589,,,,,,1,,
1780342589,,,,,,,7,
1780342589,,,,,,,,261
1780342589,,,,515,532,,,
1780342589,,,,,,1,7,
1780342589,,,,,,,,261
1780342589,,,,515,,,,
1780342589,,,,,532,,,
1780342589,,,,,,1,,
1780342589,,,,,,,7,261
1780342589,,,,515,,,,
1780342589,,,,,532,1,,
1780342589,,,,,,,7,261
1780342589,,,,515,,,,
1780342589,,,,,532,,,
1780342589,,,,,,1,7,261
1780342589,,,,515,,,,
1780342589,,,,,532,1,,
1780342589,,,,,,,7,
1780342589,,,,,,,,261
1780342589,,,,515,,,,
1780342589,,,,,532,,,
1780342589,,,,,,1,,
1780342589,,,,,,,7,
1780342589,,,,,,,,261
1780342589,,,,515,532,,,
1780342589,,,,,,1,,
1780342589,,,,,,,7,261
1780342589,,,,515,532,,,
1780342589,,,,,,1,,
1780342589,,,,,,,7,
1780342589,,,,,,,,261
1780342589,,,,515,,,,
1780342589,,,,,532,,,
1780342589,,,,,,1,,
1780342589,,,,,,,7,
1780342589,,,,,,,,261
1780342589,,,,515,,,,
1780342589,,,,,532,,,
1780342589,,,,,,1,,
1780342589,,,,,,,7,
1780342589,,,,,,,,261
1780342589,,,,515,,,,
1780342589,,,,,532,,,
1780342590,,,,,,1,,
1780342590,,,,,,,7,
1780342590,,,,,,,,261
1780342590,,,,515,,,,
1780342590,,,,,532,,,
1780342590,,,,,,1,,
1780342590,,,,,,,7,
1780342590,,,,,,,,261
1780342590,,,,515,,,,
1780342590,,,,,532,1,,
1780342590,,,,,,,7,
1780342590,,,,,,,,261
1780342590,,,,515,,,,
1780342590,,,,,532,,,
1780342590,,,,,,1,,
1780342590,,,,,,,7,261
1780342590,,,,515,,,,
1780342590,,,,,532,,,
1780342590,,,,,,1,,
1780342590,,,,,,,7,261
1780342590,,,,515,,,,
1780342590,,,,,532,1,,
1780342590,,,,,,,7,
1780342590,,,,,,,,261
1780342590,,,,515,,,,
1780342590,,,,,532,1,,
1780342590,,,,,,,7,
1780342590,,,,,,,,261
1780342590,,,,515,532,,,
1780342590,,,,,,1,,
1780342590,,,,,,,7,
1780342590,,,,,,,,261
1780342590,,,,515,,,,
1780342590,,,,,532,,,
1780342590,,,,,,1,,
1780342590,,,,,,,7,
1780342590,,,,,,,,261
1780342590,,,,515,,,,
1780342590,,,,,532,,,
1780342590,,,,,,1,,
1780342590,,,,,,,7,
1780342590,,,,,,,,261
1780342590,,,,515,,,,
1780342590,,,,,532,,,
1780342590,,,,,,1,,
1780342590,,,,,,,7,
1780342590,,,,,,,,261
1780342590,,,,515,,,,
1780342590,,,,,532,1,,
1780342590,,,,,,,7,
1780342590,,,,,,,,261
1780342590,,,,515,,,,
1780342590,,,,,532,1,7,
1780342590,,,,,,,,261
1780342590,,,,515,,,,
1780342590,,,,,532,,,
1780342590,,,,,,1,7,
1780342590,,,,,,,,261
1780342590,,,,515,,,,
1780342590,,,,,532,,,
1780342590,,,,,,1,7,
1780342590,,,,,,,,261
1780342590,,,,515,,,,
1780342590,,,,,532,,,
1780342590,,,,,,1,,
1780342590,,,,,,,7,
1780342590,,,,,,,,261
1780342590,,,,515,,,,
1780342590,,,,,532,1,,
1780342590,,,,,,,7,
1780342590,,,,,,,,261
1780342590,,,,515,,,,
1780342590,,,,,532,,,
1780342590,,,,,,1,7,261
1780342590,,,,515,532,,,
1780342590,,,,,,1,,
1780342590,,,,,,,7,
1780342590,,,,,,,,261
1780342590,,,,515,532,,,
1780342590,,,,,,1,,
1780342590,,,,,,,7,
1780342590,,,,,,,,261
1780342590,,,,515,532,,,
1780342590,,,,,,1,,
1780342590,,,,,,,7,
1780342590,,,,,,,,261
1780342590,,,,515,,,,
1780342590,,,,,532,,,
1780342590,,,,,,1,,
1780342590,,,,,,,7,
1780342590,,,,,,,,261
1780342590,,,,515,,,,
1780342590,,,,,532,,,
1780342590,,,,,,1,7,
1780342590,,,,,,,,261
1780342590,,,,515,,,,
1780342590,,,,,532,,,
1780342590,,,,,,1,,
1780342590,,,,,,,7,
1780342590,,,,,,,,261
1780342590,,,,515,,,,
1780342590,,,,,532,,,
1780342590,,,,,,1,7,261
1780342590,,,,515,532,,,
1780342590,,,,,,1,,
1780342590,,,,,,,7,
1780342590,,,,,,,,261
1780342590,,,,515,,,,
1780342590,,,,,532,1,,
1780342590,,,,,,,7,
1780342590,,,,,,,,261
1780342590,,,,515,532,,,
1780342590,,,,,,1,,
1780342590,,,,,,,7,
1780342590,,,,,,,,261
1780342590,,,,515,,,,
1780342590,,,,,532,,,
1780342590,,,,,,1,,
1780342590,,,,,,,7,
1780342590,,,,,,,,261
1780342590,,,,515,,,,
1780342590,,,,,532,,,
1780342590,,,,,,1,,
1780342590,,,,,,,7,
1780342590,,,,,,,,261
1780342590,,,,515,,,,
1780342590,,,,,532,,,
1780342590,,,,,,1,,
1780342590,,,,,,,7,
1780342590,,,,,,,,261
1780342590,,,,515,,,,
1780342590,,,,,532,1,,
1780342590,,,,,,,7,
1780342590,,,,,,,,261
1780342590,,,,515,,,,
1780342590,,,,,532,,,
1780342590,,,,,,1,,
1780342590,,,,,,,7,
1780342590,,,,,,,,261
1780342590,,,,515,,,,
1780342590,,,,,532,1,,
1780342590,,,,,,,7,
1780342590,,,,,,,,261
1780342590,,,,515,,,,
1780342590,,,,,532,1,7,
1780342590,,,,,,,,261
1780342590,,,,515,,,,
1780342590,,,,,532,,,
1780342590,,,,,,1,,
1780342590,,,,,,,7,
1780342590,,,,,,,,261
1780342590,,,,515,532,,,
1780342590,,,,,,1,,
1780342590,,,,,,,7,
1780342590,,,,,,,,261
1780342590,,,,515,,,,
1780342590,,,,,532,,,
1780342590,,,,,,1,,
1780342590,,,,,,,7,
1780342590,,,,,,,,261
1780342590,,,,515,,,,
1780342590,,,,,532,,,
1780342590,,,,,,1,,
1780342590,,,,,,,7,
1780342590,,,,,,,,261
1780342590,,,,515,,,,
1780342590,,,,,532,,,
1780342590,,,,,,1,,
1780342590,,,,,,,7,
1780342590,,,,,,,,261
1780342590,,,,515,532,,,
1780342590,,,,,,1,,
1780342590,,,,,,,7,
1780342590,,,,,,,,261
1780342590,,,,515,,,,
1780342590,,,,,532,,,
1780342590,,,,,,1,,
1780342590,,,,,,,7,
1780342590,,,,,,,,261
1780342590,,,,515,,,,
1780342590,,,,,532,,,
1780342590,,,,,,1,,
1780342590,,,,,,,7,
1780342590,,,,,,,,261
1780342590,,,,515,532,,,
1780342590,,,,,,1,7,
1780342590,,,,,,,,261
1780342590,,,,515,,,,
1780342590,,,,,532,,,
1780342590,,,,,,1,,
1780342590,,,,,,,7,
1780342590,,,,,,,,261
1780342590,,,,515,,,,
1780342590,,,,,532,,,
1780342590,,,,,,1,,
1780342590,,,,,,,7,
1780342590,,,,,,,,261
1780342590,,,,515,,,,
1780342590,,,,,532,,,
1780342590,,,,,,1,,
1780342590,,,,,,,7,
1780342590,,,,,,,,261
1780342590,,,,515,,,,
1780342590,,,,,532,,,
1780342590,,,,,,1,,
1780342590,,,,,,,7,
1780342590,,,,,,,,261
1780342590,,,,515,532,,,
1780342590,,,,,,1,,
1780342590,,,,,,,7,
1780342590,,,,,,,,261
1780342590,,,,515,,,,
1780342590,,,,,532,,,
1780342590,,,,,,1,,
1780342590,,,,,,,7,261
1780342590,,,,515,,,,
1780342590,,,,,532,,,
1780342590,,,,,,1,,
1780342590,,,,,,,7,
1780342590,,,,,,,,261
1780342590,,,,515,,,,
1780342590,,,,,532,,,
1780342590,,,,,,1,,
1780342590,,,,,,,7,
1780342590,,,,,,,,261
1780342590,,,,515,,,,
1780342590,,,,,532,,,
1780342590,,,,,,1,,
1780342590,,,,,,,7,
1780342590,,,,,,,,261
1780342590,,,,515,,,,
1780342590,,,,,532,,,
1780342590,,,,,,1,,
1780342590,,,,,,,7,261
1780342590,,,,515,532,,,
1780342590,,,,,,1,,
1780342590,,,,,,,7,
1780342590,,,,,,,,261
1780342590,,,,515,,,,
1780342590,,,,,532,1,,
1780342590,,,,,,,7,
1780342590,,,,,,,,261
1780342590,,,,515,532,,,
1780342590,,,,,,1,,
1780342590,,,,,,,7,261
1780342590,,,,515,,,,
1780342590,,,,,532,,,
1780342590,,,,,,1,,
1780342590,,,,,,,7,
1780342590,,,,,,,,261
1780342590,,,,515,532,,,
1780342590,,,,,,1,,
1780342590,,,,,,,7,
1780342590,,,,,,,,261
1780342590,,,,515,,,,
1780342590,,,,,532,1,,
1780342590,,,,,,,7,261
1780342590,,,,515,,,,
1780342590,,,,,532,,,
1780342590,,,,,,1,,
1780342590,,,,,,,7,
1780342590,,,,,,,,261
1780342590,,,,515,,,,
1780342590,,,,,532,1,,
1780342590,,,,,,,7,
1780342590,,,,,,,,261
1780342590,,,,515,,,,
1780342590,,,,,532,,,
1780342590,,,,,,1,7,261
1780342590,,,,515,,,,
1780342590,,,,,532,,,
1780342590,,,,,,1,7,
1780342590,,,,,,,,261
1780342590,,,,515,,,,
1780342590,,,,,532,,,
1780342590,,,,,,1,7,
1780342590,,,,,,,,261
1780342590,,,,515,,,,
1780342590,,,,,532,,,
1780342590,,,,,,1,,
1780342590,,,,,,,7,
1780342590,,,,,,,,261
1780342590,,,,515,,,,
1780342590,,,,,532,,,
1780342590,,,,,,1,,
1780342590,,,,,,,7,
1780342590,,,,,,,,261
1780342591,,,,515,532,,,
1780342591,,,,,,1,,
1780342591,,,,,,,7,
1780342591,,,,,,,,261
1780342591,,,,515,,,,
1780342591,,,,,532,,,
1780342591,,,,,,1,,
1780342591,,,,,,,7,
1780342591,,,,,,,,261
1780342591,,,,515,,,,
1780342591,,,,,532,,,
1780342591,,,,,,1,,
1780342591,,,,,,,7,
1780342591,,,,,,,,261
1780342591,,,,515,,,,
1780342591,,,,,532,,,
1780342591,,,,,,1,,
1780342591,,,,,,,7,
1780342591,,,,,,,,261
1780342591,,,,515,,,,
1780342591,,,,,532,,,
1780342591,,,,,,1,,
1780342591,,,,,,,7,
1780342591,,,,,,,,261
1780342591,,,,515,,,,
1780342591,,,,,532,,,
1780342591,,,,,,1,,
1780342591,,,,,,,7,
1780342591,,,,,,,,261
1780342591,,,,515,532,,,
1780342591,,,,,,1,,
1780342591,,,,,,,7,261
1780342591,,,,515,,,,
1780342591,,,,,532,,,
1780342591,,,,,,1,,
1780342591,,,,,,,7,261
1780342591,,,,515,,,,
1780342591,,,,,532,,,
1780342591,,,,,,1,,
1780342591,,,,,,,7,
1780342591,,,,,,,,261
1780342591,,,,515,,,,
1780342591,,,,,532,1,,
1780342591,,,,,,,7,
1780342591,,,,,,,,261
1780342591,,,,515,,,,
1780342591,,,,,532,,,
1780342591,,,,,,1,,
1780342591,,,,,,,7,
1780342591,,,,,,,,261
1780342591,,,,515,,,,
1780342591,,,,,532,1,7,
1780342591,,,,,,,,261
1780342591,,,,515,,,,
1780342591,,,,,532,1,,
1780342591,,,,,,,7,
1780342591,,,,,,,,261
1780342591,,,,515,,,,
1780342591,,,,,532,,,
1780342591,,,,,,1,,
1780342591,,,,,,,7,
1780342591,,,,,,,,261
1780342591,,,,515,,,,
1780342591,,,,,532,,,
1780342591,,,,,,1,,
1780342591,,,,,,,7,
1780342591,,,,,,,,261
1780342591,,,,515,,,,
1780342591,,,,,532,1,,
1780342591,,,,,,,7,
1780342591,,,,,,,,261
1780342591,,,,515,,,,
1780342591,,,,,532,,,
1780342591,,,,,,1,,
1780342591,,,,,,,7,261
1780342591,,,,515,,,,
1780342591,,,,,532,,,
1780342591,,,,,,1,,
1780342591,,,,,,,7,
1780342591,,,,,,,,261
1780342591,,,,515,,,,
1780342591,,,,,532,,,
1780342591,,,,,,1,,
1780342591,,,,,,,7,
1780342591,,,,,,,,261
1780342591,,,,515,,,,
1780342591,,,,,532,,,
1780342591,,,,,,1,,
1780342591,,,,,,,7,
1780342591,,,,,,,,261
1780342591,,,,515,,,,
1780342591,,,,,532,,,
1780342591,,,,,,1,,
1780342591,,,,,,,7,
1780342591,,,,,,,,261
1780342591,,,,515,,,,
1780342591,,,,,532,,,
1780342591,,,,,,1,,
1780342591,,,,,,,7,
1780342591,,,,,,,,261
1780342591,,,,515,532,,,
1780342591,,,,,,1,,
1780342591,,,,,,,7,
1780342591,,,,,,,,261
1780342591,,,,515,532,,,
1780342591,,,,,,1,,
1780342591,,,,,,,7,
1780342591,,,,,,,,261
1780342591,,,,515,532,,,
1780342591,,,,,,1,,
1780342591,,,,,,,7,
1780342591,,,,,,,,261
1780342591,,,,515,532,,,
1780342591,,,,,,1,,
1780342591,,,,,,,7,261
1780342591,,,,515,,,,
1780342591,,,,,532,,,
1780342591,,,,,,1,,
1780342591,,,,,,,7,261
1780342591,,,,515,,,,
1780342591,,,,,532,,,
1780342591,,,,,,1,,
1780342591,,,,,,,7,
1780342591,,,,,,,,261
1780342591,,,,515,532,,,
1780342591,,,,,,2,,
1780342591,,,,,,,-17,
1780342591,,,,,,,,-104
1780342591,,,,0,,,,
1780342591,,,,,532,,,
1780342591,,,,,,2,,
1780342591,,,,,,,-532,
1780342591,,,,,,,,-500
1780342591,,,,0,,,,
1780342591,,,,,531,,,
1780342591,,,,,,2,,
1780342591,,,,,,,-531,
1780342591,,,,,,,,-500
1780342591,,,,0,,,,
1780342591,,,,,530,,,
1780342591,,,,,,2,,
1780342591,,,,,,,-530,
1780342591,,,,,,,,-500
1780342591,,,,0,,,,
1780342591,,,,,528,,,
1780342591,,,,,,2,,
1780342591,,,,,,,-528,-500
1780342591,,,,0,524,,,
1780342591,,,,,,2,,
1780342591,,,,,,,-524,-500
1780342591,,,,0,,,,
1780342591,,,,,520,2,,
1780342591,,,,,,,-520,
1780342591,,,,,,,,-500
1780342591,,,,0,516,,,
1780342591,,,,,,2,,
1780342591,,,,,,,-516,
1780342591,,,,,,,,-500
1780342591,,,,0,,,,
1780342591,,,,,512,2,-512,
1780342591,,,,,,,,-500
1780342591,,,,0,,,,
1780342591,,,,,506,,,
1780342591,,,,,,2,,
1780342591,,,,,,,-506,
1780342591,,,,,,,,-500
1780342591,,,,0,,,,
1780342591,,,,,500,,,
1780342591,,,,,,2,,
1780342591,,,,,,,-500,
1780342591,,,,,,,,-500
1780342591,,,,0,,,,
1780342591,,,,,494,,,
1780342591,,,,,,2,,
1780342591,,,,,,,-494,
1780342591,,,,,,,,-500
1780342591,,,,0,,,,
1780342591,,,,,486,,,
1780342591,,,,,,2,,
1780342591,,,,,,,-486,
1780342591,,,,,,,,-500
1780342591,,,,0,,,,
1780342591,,,,,479,2,,
1780342591,,,,,,,-479,
1780342591,,,,,,,,-500
1780342591,,,,0,472,,,
1780342591,,,,,,2,,
1780342591,,,,,,,-472,
1780342591,,,,,,,,-500
1780342591,,,,0,,,,
1780342591,,,,,464,,,
1780342591,,,,,,2,,
1780342591,,,,,,,-464,
1780342591,,,,,,,,-500
1780342591,,,,0,,,,
1780342591,,,,,454,,,
1780342591,,,,,,2,,
1780342591,,,,,,,-454,
1780342591,,,,,,,,-500
1780342591,,,,0,446,,,
1780342591,,,,,,2,,
1780342591,,,,,,,-446,
1780342591,,,,,,,,-500
1780342591,,,,0,,,,
1780342591,,,,,436,,,
1780342591,,,,,,2,,
1780342591,,,,,,,-436,
1780342591,,,,,,,,-500
1780342591,,,,0,,,,
1780342591,,,,,428,2,,
1780342591,,,,,,,-428,
1780342591,,,,,,,,-500
1780342591,,,,0,,,,
1780342591,,,,,418,2,,
1780342591,,,,,,,-418,
1780342591,,,,,,,,-500
1780342591,,,,0,,,,
1780342591,,,,,408,,,
1780342591,,,,,,2,,
1780342591,,,,,,,-408,
1780342591,,,,,,,,-500
1780342591,,,,0,,,,
1780342591,,,,,398,,,
1780342591,,,,,,2,,
1780342591,,,,,,,-398,-500
1780342591,,,,0,,,,
1780342591,,,,,387,,,
1780342591,,,,,,2,,
1780342591,,,,,,,-387,
1780342591,,,,,,,,-500
1780342591,,,,0,,,,
1780342591,,,,,376,,,
1780342591,,,,,,2,,
1780342591,,,,,,,-376,
1780342591,,,,,,,,-500
1780342591,,,,0,,,,
1780342591,,,,,366,,,
1780342591,,,,,,2,-366,
1780342591,,,,,,,,-500
1780342591,,,,0,,,,
1780342591,,,,,354,,,
1780342591,,,,,,2,,
1780342591,,,,,,,-354,
1780342591,,,,,,,,-500
1780342591,,,,0,,,,
1780342591,,,,,344,2,,
1780342591,,,,,,,-344,
1780342591,,,,,,,,-500
1780342591,,,,0,332,,,
1780342591,,,,,,2,,
1780342591,,,,,,,-332,-500
1780342591,,,,0,,,,
1780342591,,,,,320,2,,
1780342591,,,,,,,-320,
1780342591,,,,,,,,-500
1780342591,,,,0,,,,
1780342591,,,,,308,,,
1780342591,,,,,,2,-308,
1780342591,,,,,,,,-500
1780342591,,,,0,,,,
1780342591,,,,,297,,,
1780342591,,,,,,2,-297,
1780342591,,,,,,,,-500
1780342591,,,,0,,,,
1780342591,,,,,285,,,
1780342591,,,,,,2,,
1780342591,,,,,,,-285,
1780342591,,,,,,,,-500
1780342591,,,,0,,,,
1780342591,,,,,272,,,
1780342591,,,,,,2,,
1780342591,,,,,,,-272,-500
1780342591,,,,0,,,,
1780342591,,,,,260,2,,
1780342591,,,,,,,-260,-500
1780342591,,,,0,,,,
1780342591,,,,,248,,,
1780342591,,,,,,2,,
1780342591,,,,,,,-248,
1780342591,,,,,,,,-500
1780342591,,,,0,,,,
1780342591,,,,,236,,,
1780342591,,,,,,2,,
1780342591,,,,,,,-236,
1780342591,,,,,,,,-500
1780342591,,,,0,,,,
1780342591,,,,,224,,,
1780342591,,,,,,2,,
1780342591,,,,,,,-224,
1780342591,,,,,,,,-500
1780342591,,,,0,,,,
1780342591,,,,,210,,,
1780342591,,,,,,2,,
1780342591,,,,,,,-210,
1780342591,,,,,,,,-494
1780342592,,,,0,,,,
1780342592,,,,,198,,,
1780342592,,,,,,2,,
1780342592,,,,,,,-198,
1780342592,,,,,,,,-469
1780342592,,,,0,,,,
1780342592,,,,,185,,,
1780342592,,,,,,2,,
1780342592,,,,,,,-185,
1780342592,,,,,,,,-439
1780342592,,,,0,,,,
1780342592,,,,,172,,,
1780342592,,,,,,2,,
1780342592,,,,,,,-172,
1780342592,,,,,,,,-411
1780342592,,,,0,,,,
1780342592,,,,,160,,,
1780342592,,,,,,2,,
1780342592,,,,,,,-160,
1780342592,,,,,,,,-385
1780342592,,,,0,,,,
1780342592,,,,,148,,,
1780342592,,,,,,2,,
1780342592,,,,,,,-148,
1780342592,,,,,,,,-359
1780342592,,,,0,,,,
1780342592,,,,,137,,,
1780342592,,,,,,2,,
1780342592,,,,,,,-137,
1780342592,,,,,,,,-335
1780342592,,,,0,,,,
1780342592,,,,,126,2,,
1780342592,,,,,,,-126,
1780342592,,,,,,,,-311
1780342592,,,,0,,,,
1780342592,,,,,116,,,
1780342592,,,,,,2,,
1780342592,,,,,,,-116,
1780342592,,,,,,,,-289
1780342592,,,,0,,,,
1780342592,,,,,106,,,
1780342592,,,,,,2,,
1780342592,,,,,,,-106,
1780342592,,,,,,,,-267
1780342592,,,,0,,,,
1780342592,,,,,98,,,
1780342592,,,,,,2,,
1780342592,,,,,,,-98,-354
1780342592,,,,0,,,,
1780342592,,,,,90,,,
1780342592,,,,,,2,-90,
1780342592,,,,,,,,-431
1780342592,,,,0,,,,
1780342592,,,,,82,,,
1780342592,,,,,,2,,
1780342592,,,,,,,-82,
1780342592,,,,,,,,-426
1780342592,,,,0,,,,
1780342592,,,,,74,,,
1780342592,,,,,,2,,
1780342592,,,,,,,-74,
1780342592,,,,,,,,-408
1780342592,,,,0,,,,
1780342592,,,,,66,,,
1780342592,,,,,,2,,
1780342592,,,,,,,-66,
1780342592,,,,,,,,-390
1780342592,,,,0,,,,
1780342592,,,,,58,,,
1780342592,,,,,,2,,
1780342592,,,,,,,-58,
1780342592,,,,,,,,-373
1780342592,,,,0,,,,
1780342592,,,,,50,,,
1780342592,,,,,,2,,
1780342592,,,,,,,-50,
1780342592,,,,,,,,-355
1780342592,,,,0,,,,
1780342592,,,,,44,,,
1780342592,,,,,,2,,
1780342592,,,,,,,-44,-343
1780342592,,,,0,,,,
1780342592,,,,,37,,,
1780342592,,,,,,2,,
1780342592,,,,,,,-37,-327
1780342592,,,,0,,,,
1780342592,,,,,30,,,
1780342592,,,,,,2,,
1780342592,,,,,,,-30,-312
1780342592,,,,0,,,,
1780342592,,,,,24,,,
1780342592,,,,,,2,-24,
1780342592,,,,,,,,-299
1780342592,,,,0,,,,
1780342592,,,,,18,,,
1780342592,,,,,,2,,
1780342592,,,,,,,-18,-286
1780342592,,,,0,,,,
1780342592,,,,,14,,,
1780342592,,,,,,2,,
1780342592,,,,,,,-14,
1780342592,,,,,,,,-278
1780342592,,,,0,,,,
1780342592,,,,,10,,,
1780342592,,,,,,2,,
1780342592,,,,,,,-10,
1780342592,,,,,,,,-269
1780342592,,,,0,,,,
1780342592,,,,,6,,,
1780342592,,,,,,3,,
1780342592,,,,,,,-10,-269
1780342592,,,,0,,,,
1780342592,,,,,3,,,
1780342592,,,,,,3,,
1780342592,,,,,,,-10,-269
1780342592,,,,0,,,,
1780342592,,,,,2,,,
1780342592,,,,,,3,,
1780342592,,,,,,,-10,-269
1780342592,,,,0,,,,
1780342592,,,,,0,,,
1780342592,,,,,,3,,
1780342592,,,,,,,-10,-269
1780342592,,,,0,,,,
1780342592,,,,,0,,,
1780342592,,,,,,3,,
1780342592,,,,,,,-10,-269
1780342592,,,,0,,,,
1780342592,,,,,0,,,
1780342592,,,,,,3,,
1780342592,,,,,,,-10,-269
1780342592,,,,0,,,,
1780342592,,,,,0,,,
1780342592,,,,,,3,,
1780342592,,,,,,,-10,-269
1780342592,,,,0,,,,
1780342592,,,,,0,,,
1780342592,,,,,,3,,
1780342592,,,,,,,-10,
1780342592,,,,,,,,-269
1780342592,,,,0,,,,
1780342592,,,,,0,,,
1780342592,,,,,,3,,
1780342592,,,,,,,-10,
1780342592,,,,,,,,-269
1780342592,,,,0,,,,
1780342592,,,,,0,3,,
1780342592,,,,,,,-10,-269
1780342592,,,,0,,,,
1780342592,,,,,0,,,
1780342592,,,,,,3,,
1780342592,,,,,,,-10,-269
1780342592,,,,0,,,,
1780342592,,,,,0,,,
1780342592,,,,,,3,,
1780342592,,,,,,,-10,-269
1780342592,,,,0,,,,
1780342592,,,,,0,,,
1780342592,,,,,,3,,
1780342592,,,,,,,-10,-269
1780342592,,,,0,,,,
1780342592,,,,,0,,,
1780342592,,,,,,3,,
1780342592,,,,,,,-10,-269
1780342592,,,,0,,,,
1780342592,,,,,0,3,,
1780342592,,,,,,,-10,
1780342592,,,,,,,,-269
1780342592,,,,0,,,,
1780342592,,,,,0,,,
1780342592,,,,,,3,,
1780342592,,,,,,,-10,-269
1780342592,,,,0,,,,
1780342592,,,,,0,3,,
1780342592,,,,,,,-10,-269
1780342592,,,,0,,,,
1780342592,,,,,0,,,
1780342592,,,,,,3,-10,-269
1780342592,,,,0,,,,
1780342592,,,,,0,,,
1780342592,,,,,,3,,
1780342592,,,,,,,-10,-269
1780342592,,,,0,,,,
1780342592,,,,,0,3,,
1780342592,,,,,,,-10,-269
1780342592,,,,0,,,,
1780342592,,,,,0,,,
1780342592,,,,,,3,,
1780342592,,,,,,,-10,-269
1780342592,,,,0,,,,
1780342592,,,,,0,,,
1780342592,,,,,,3,,
1780342592,,,,,,,-10,-269
1780342592,,,,0,,,,
1780342592,,,,,0,,,
1780342592,,,,,,3,,
1780342592,,,,,,,-10,-269
1780342592,,,,0,,,,
1780342592,,,,,0,,,
1780342592,,,,,,3,,
1780342592,,,,,,,-10,-269
1780342592,,,,0,,,,
1780342592,,,,,0,,,
1780342592,,,,,,3,,
1780342592,,,,,,,-10,-269
1780342592,,,,0,,,,
1780342592,,,,,0,,,
1780342592,,,,,,3,,
1780342592,,,,,,,-10,-269
1780342592,,,,0,,,,
1780342592,,,,,0,,,
1780342592,,,,,,3,,
1780342592,,,,,,,-10,-269
1780342592,,,,0,,,,
1780342592,,,,,0,,,
1780342592,,,,,,3,,
1780342592,,,,,,,-10,-269
1780342592,,,,0,,,,
1780342592,,,,,0,,,
1780342592,,,,,,3,,
1780342592,,,,,,,-10,-269
1780342592,,,,0,,,,
1780342592,,,,,0,,,
1780342592,,,,,,3,,
1780342592,,,,,,,-10,-269
1780342592,,,,0,,,,
1780342592,,,,,0,,,
1780342592,,,,,,3,,
1780342592,,,,,,,-10,-269
1780342592,,,,0,0,,,
1780342592,,,,,,3,,
1780342592,,,,,,,-10,-269
1780342592,,,,0,,,,
1780342592,,,,,0,,,
1780342592,,,,,,3,,
1780342592,,,,,,,-10,-269
1780342592,,,,0,,,,
1780342592,,,,,0,,,
1780342592,,,,,,3,,
1780342592,,,,,,,-10,-269
1780342592,,,,0,,,,
1780342592,,,,,0,,,
1780342592,,,,,,3,,
1780342592,,,,,,,-10,-269
1780342592,,,,0,,,,
1780342592,,,,,0,,,
1780342592,,,,,,3,,
1780342592,,,,,,,-10,-269
1780342592,,,,0,,,,
1780342592,,,,,0,,,
1780342592,,,,,,3,,
1780342592,,,,,,,-10,-269
1780342592,,,,0,,,,
1780342592,,,,,0,,,
1780342592,,,,,,3,-10,-269
1780342592,,,,0,0,,,
1780342592,,,,,,3,,
1780342592,,,,,,,-10,-269
1780342592,,,,0,,,,
1780342592,,,,,0,,,
1780342592,,,,,,3,,
1780342592,,,,,,,-10,-269
1780342592,,,,0,,,,
1780342592,,,,,0,,,
1780342592,,,,,,3,,
1780342592,,,,,,,-10,-269
1780342592,,,,0,,,,
1780342592,,,,,0,,,
1780342592,,,,,,3,,
1780342592,,,,,,,-10,-269
1780342592,,,,0,,,,
1780342592,,,,,0,,,
1780342592,,,,,,3,,
1780342592,,,,,,,-10,-269
1780342592,,,,0,,,,
1780342592,,,,,0,,,
1780342593,,,,,,3,,
1780342593,,,,,,,-10,-269
1780342593,,,,0,,,,
1780342593,,,,,0,,,
1780342593,,,,,,3,,
1780342593,,,,,,,-10,-269
1780342593,,,,0,0,,,
1780342593,,,,,,3,,
1780342593,,,,,,,-10,-269
1780342593,,,,0,,,,
1780342593,,,,,0,,,
1780342593,,,,,,3,,
1780342593,,,,,,,-10,-269
1780342593,,,,0,,,,
1780342593,,,,,0,,,
1780342593,,,,,,3,,
1780342593,,,,,,,-10,
1780342593,,,,,,,,-269
1780342593,,,,0,,,,
1780342593,,,,,0,,,
1780342593,,,,,,3,,
1780342593,,,,,,,-10,
1780342593,,,,,,,,-269
1780342593,,,,0,,,,
1780342593,,,,,0,,,
1780342593,,,,,,3,,
1780342593,,,,,,,-10,-269
1780342593,,,,0,,,,
1780342593,,,,,0,,,
1780342593,,,,,,3,-10,
1780342593,,,,,,,,-269
1780342593,,,,0,,,,
1780342593,,,,,0,,,
1780342593,,,,,,3,,
1780342593,,,,,,,-10,-269
1780342593,,,,0,,,,
1780342593,,,,,0,,,
1780342593,,,,,,3,,
1780342593,,,,,,,-10,-269
1780342593,,,,0,0,,,
1780342593,,,,,,3,-10,
1780342593,,,,,,,,-269
1780342593,,,,0,,,,
1780342593,,,,,0,,,
1780342593,,,,,,3,,
1780342593,,,,,,,-10,-269
1780342593,,,,0,,,,
1780342593,,,,,0,,,
1780342593,,,,,,3,,
1780342593,,,,,,,-10,-269
1780342593,,,,0,,,,
1780342593,,,,,0,3,,
1780342593,,,,,,,-10,
1780342593,,,,,,,,-269
1780342593,,,,0,,,,
1780342593,,,,,0,,,
1780342593,,,,,,3,,
1780342593,,,,,,,-10,
1780342593,,,,,,,,-269
1780342593,,,,0,,,,
1780342593,,,,,0,,,
1780342593,,,,,,3,-10,
1780342593,,,,,,,,-269
1780342593,,,,0,0,,,
1780342593,,,,,,3,-10,-269
1780342593,,,,0,,,,
1780342593,,,,,0,,,
1780342593,,,,,,3,-10,
1780342593,,,,,,,,-269
1780342593,,,,0,,,,
1780342593,,,,,0,,,
1780342593,,,,,,3,,
1780342593,,,,,,,-10,-269
1780342593,,,,0,,,,
1780342593,,,,,0,,,
1780342593,,,,,,3,-10,
1780342593,,,,,,,,-269
1780342593,,,,0,,,,
1780342593,,,,,0,,,
1780342593,,,,,,3,-10,
1780342593,,,,,,,,-269
1780342593,,,,0,,,,
1780342593,,,,,0,,,
1780342593,,,,,,3,,
1780342593,,,,,,,-10,-269
1780342593,,,,0,,,,
1780342593,,,,,0,,,
1780342593,,,,,,3,,
1780342593,,,,,,,-10,
1780342593,,,,,,,,-269
1780342593,,,,0,,,,
1780342593,,,,,0,,,
1780342593,,,,,,3,-10,-269
1780342593,,,,0,,,,
1780342593,,,,,0,3,-10,-269
1780342593,,,,0,,,,
1780342593,,,,,0,,,
1780342593,,,,,,3,,
1780342593,,,,,,,-10,-269
1780342593,,,,0,,,,
1780342593,,,,,0,,,
1780342593,,,,,,3,-10,
1780342593,,,,,,,,-269
1780342593,,,,0,,,,
1780342593,,,,,0,,,
1780342593,,,,,,3,,
1780342593,,,,,,,-10,-269
1780342593,,,,0,,,,
1780342593,,,,,0,,,
1780342593,,,,,,3,-10,
1780342593,,,,,,,,-269
1780342593,,,,0,,,,
1780342593,,,,,0,,,
1780342593,,,,,,3,-10,
1780342593,,,,,,,,-269
1780342593,,,,0,0,,,
1780342593,,,,,,3,-10,
1780342593,,,,,,,,-269
1780342593,,,,0,,,,
1780342593,,,,,0,,,
1780342593,,,,,,3,,
1780342593,,,,,,,-10,
1780342593,,,,,,,,-269
1780342593,,,,0,0,,,
1780342593,,,,,,3,-10,
1780342593,,,,,,,,-269
1780342593,,,,0,,,,
1780342593,,,,,0,,,
1780342593,,,,,,3,-10,
1780342593,,,,,,,,-269
1780342593,,,,0,,,,
1780342593,,,,,0,,,
1780342593,,,,,,3,-10,
1780342593,,,,,,,,-269
1780342593,,,,0,,,,
1780342593,,,,,0,,,
1780342593,,,,,,3,-10,
1780342593,,,,,,,,-269
1780342593,,,,0,,,,
1780342593,,,,,0,3,-10,
1780342593,,,,,,,,-269
1780342593,,,,0,0,,,
1780342593,,,,,,3,-10,
1780342593,,,,,,,,-269
1780342593,,,,0,,,,
1780342593,,,,,0,,,
1780342593,,,,,,3,-10,
1780342593,,,,,,,,-269
1780342593,,,,0,,,,
1780342593,,,,,0,,,
1780342593,,,,,,3,-10,
1780342593,,,,,,,,-269
1780342593,,,,0,,,,
1780342593,,,,,0,,,
1780342593,,,,,,3,-10,
1780342593,,,,,,,,-269
1780342593,,,,0,,,,
1780342593,,,,,0,,,
1780342593,,,,,,3,-10,
1780342593,,,,,,,,-269
1780342593,,,,0,,,,
1780342593,,,,,0,,,
1780342593,,,,,,3,-10,-269
1780342593,,,,0,,,,
1780342593,,,,,0,,,
1780342593,,,,,,3,-10,
1780342593,,,,,,,,-269
1780342593,,,,0,,,,
1780342593,,,,,0,,,
1780342593,,,,,,3,-10,
1780342593,,,,,,,,-269
1780342593,,,,0,,,,
1780342593,,,,,0,3,,
1780342593,,,,,,,-10,
1780342593,,,,,,,,-269
1780342593,,,,0,,,,
1780342593,,,,,0,,,
1780342593,,,,,,3,-10,
1780342593,,,,,,,,-269
1780342593,,,,0,,,,
1780342593,,,,,0,3,-10,
1780342593,,,,,,,,-269
1780342593,,,,0,,,,
1780342593,,,,,0,,,
1780342593,,,,,,3,-10,
1780342593,,,,,,,,-269
1780342593,,,,0,,,,
1780342593,,,,,0,3,,
1780342593,,,,,,,-10,-269
1780342593,,,,0,0,3,-10,-269
1780342593,,,,,,3,-10,
1780342593,,,,,,,,-269
1780342593,,,,0,,,,
1780342593,,,,,0,,,
1780342593,,,,,,3,-10,
1780342593,,,,,,,,-269
1780342593,,,,0,,,,
1780342593,,,,,0,3,,
1780342593,,,,,,,-10,
1780342593,,,,,,,,-269
1780342593,,,,0,,,,
1780342593,,,,,0,3,,
1780342593,,,,,,,-10,
1780342593,,,,,,,,-269
1780342593,,,,0,,,,
1780342593,,,,,0,3,,
1780342593,,,,,,,-10,
1780342593,,,,,,,,-269
1780342593,,,,0,,,,
1780342593,,,,,0,3,,
1780342593,,,,,,,-10,
1780342593,,,,,,,,-269
1780342593,,,,0,,,,
1780342593,,,,,0,,,
1780342593,,,,,,3,-10,
1780342593,,,,,,,,-269
1780342593,,,,0,,,,
1780342593,,,,,0,3,,
1780342593,,,,,,,-10,
1780342593,,,,,,,,-269
1780342593,,,,0,,,,
1780342593,,,,,0,3,,
1780342593,,,,,,,-10,
1780342593,,,,,,,,-269
1780342593,,,,0,,,,
1780342593,,,,,0,,,
1780342593,,,,,,3,,
1780342593,,,,,,,-10,
1780342593,,,,,,,,-269
1780342593,,,,0,0,3,-10,
1780342593,,,,,,,,-269
1780342593,,,,0,0,,,
1780342593,,,,,,3,,
1780342593,,,,,,,-10,-269
1780342593,,,,0,,,,
1780342593,,,,,0,3,,
1780342593,,,,,,,-10,-269
1780342593,,,,0,,,,
1780342593,,,,,0,3,,
1780342593,,,,,,,-10,
1780342593,,,,,,,,-269
1780342593,,,,0,,,,
1780342593,,,,,0,3,,
1780342593,,,,,,,-10,
1780342593,,,,,,,,-269
1780342593,,,,0,,,,
1780342593,,,,,0,3,,
1780342593,,,,,,,-10,
1780342593,,,,,,,,-269
1780342594,,,,0,,,,
1780342594,,,,,0,3,,
1780342594,,,,,,,-10,
1780342594,,,,,,,,-269
1780342594,,,,0,,,,
1780342594,,,,,0,3,,
1780342594,,,,,,,-10,
1780342594,,,,,,,,-269
1780342594,,,,0,,,,
1780342594,,,,,0,3,,
1780342594,,,,,,,-10,
1780342594,,,,,,,,-269
1780342594,,,,0,,,,
1780342594,,,,,0,3,-10,
1780342594,,,,,,,,-269
1780342594,,,,0,,,,
1780342594,,,,,0,3,,
1780342594,,,,,,,-10,
1780342594,,,,,,,,-269
1780342594,,,,0,0,3,,
1780342594,,,,,,,-10,
1780342594,,,,,,,,-269
1780342594,,,,0,,,,
1780342594,,,,,0,3,,
1780342594,,,,,,,-10,
1780342594,,,,,,,,-269
1780342594,,,,0,,,,
1780342594,,,,,0,3,,
1780342594,,,,,,,-10,
1780342594,,,,,,,,-269
1780342594,,,,0,,,,
1780342594,,,,,0,3,,
1780342594,,,,,,,-10,
1780342594,,,,,,,,-269
1780342594,,,,0,,,,
1780342594,,,,,0,,,
1780342594,,,,,,3,,
1780342594,,,,,,,-10,
1780342594,,,,,,,,-269
1780342594,,,,0,,,,
1780342594,,,,,0,,,
1780342594,,,,,,3,-10,
1780342594,,,,,,,,-269
1780342594,,,,0,,,,
1780342594,,,,,0,3,,
1780342594,,,,,,,-10,
1780342594,,,,,,,,-269
1780342594,,,,0,,,,
1780342594,,,,,0,3,,
1780342594,,,,,,,-10,
1780342594,,,,,,,,-269
1780342594,,,,0,,,,
1780342594,,,,,0,3,,
1780342594,,,,,,,-10,
1780342594,,,,,,,,-269
1780342594,,,,0,,,,
1780342594,,,,,0,3,,
1780342594,,,,,,,-10,
1780342594,,,,,,,,-269
1780342594,,,,0,,,,
1780342594,,,,,0,,,
1780342594,,,,,,3,-10,
1780342594,,,,,,,,-269
1780342594,,,,0,,,,
1780342594,,,,,0,3,,
1780342594,,,,,,,-10,-269
1780342594,,,,0,,,,
1780342594,,,,,0,3,,
1780342594,,,,,,,-10,
1780342594,,,,,,,,-269
1780342594,,,,0,,,,
1780342594,,,,,0,3,,
1780342594,,,,,,,-10,
1780342594,,,,,,,,-269
1780342594,,,,0,,,,
1780342594,,,,,0,3,,
1780342594,,,,,,,-10,
1780342594,,,,,,,,-269
1780342594,,,,0,,,,
1780342594,,,,,0,3,,
1780342594,,,,,,,-10,
1780342594,,,,,,,,-269
1780342594,,,,0,,,,
1780342594,,,,,0,3,,
1780342594,,,,,,,-10,
1780342594,,,,,,,,-269
1780342594,,,,0,,,,
1780342594,,,,,0,3,,
1780342594,,,,,,,-10,
1780342594,,,,,,,,-269
1780342594,,,,0,,,,
1780342594,,,,,0,3,,
1780342594,,,,,,,-10,
1780342594,,,,,,,,-269
1780342594,,,,0,,,,
1780342594,,,,,0,3,,
1780342594,,,,,,,-10,
1780342594,,,,,,,,-269
1780342594,,,,0,,,,
1780342594,,,,,0,3,,
1780342594,,,,,,,-10,
1780342594,,,,,,,,-269
1780342594,,,,0,,,,
1780342594,,,,,0,3,,
1780342594,,,,,,,-10,-269
1780342594,,,,0,,,,
1780342594,,,,,0,3,,
1780342594,,,,,,,-10,
1780342594,,,,,,,,-269
1780342594,,,,0,,,,
1780342594,,,,,0,3,,
1780342594,,,,,,,-10,
1780342594,,,,,,,,-269
1780342594,,,,0,,,,
1780342594,,,,,0,3,,
1780342594,,,,,,,-10,
1780342594,,,,,,,,-269
1780342594,,,,0,,,,
1780342594,,,,,0,3,,
1780342594,,,,,,,-10,
1780342594,,,,,,,,-269
1780342594,,,,0,,,,
1780342594,,,,,0,3,,
1780342594,,,,,,,-10,
1780342594,,,,,,,,-269
1780342594,,,,0,,,,
1780342594,,,,,0,,,
1780342594,,,,,,3,-10,
1780342594,,,,,,,,-269
1780342594,,,,0,,,,
1780342594,,,,,0,3,,
1780342594,,,,,,,-10,
1780342594,,,,,,,,-269
1780342594,,,,0,,,,
1780342594,,,,,0,3,,
1780342594,,,,,,,-10,
1780342594,,,,,,,,-269
1780342594,,,,0,,,,
1780342594,,,,,0,3,,
1780342594,,,,,,,-10,-269
1780342594,,,,0,,,,
1780342594,,,,,0,3,,
1780342594,,,,,,,-10,-269
1780342594,,,,0,,,,
1780342594,,,,,0,3,,
1780342594,,,,,,,-10,-269
1780342594,,,,0,,,,
1780342594,,,,,0,3,,
1780342594,,,,,,,-10,
1780342594,,,,,,,,-269
1780342594,,,,0,,,,
1780342594,,,,,0,3,,
1780342594,,,,,,,-10,
1780342594,,,,,,,,-269
1780342594,,,,0,,,,
1780342594,,,,,0,,,
1780342594,,,,,,3,-10,
1780342594,,,,,,,,-269
1780342594,,,,0,,,,
1780342594,,,,,0,3,,
1780342594,,,,,,,-10,
1780342594,,,,,,,,-269
1780342594,,,,0,,,,
1780342594,,,,,0,3,,
1780342594,,,,,,,-10,
1780342594,,,,,,,,-269
1780342594,,,,0,,,,
1780342594,,,,,0,3,,
1780342594,,,,,,,-10,
1780342594,,,,,,,,-269
1780342594,,,,0,,,,
1780342594,,,,,0,3,,
1780342594,,,,,,,-10,
1780342594,,,,,,,,-269
1780342594,,,,0,,,,
1780342594,,,,,0,,,
1780342594,,,,,,3,,
1780342594,,,,,,,-10,-269
1780342594,,,,0,,,,
1780342594,,,,,0,3,-10,
1780342594,,,,,,,,-269
1780342594,,,,0,,,,
1780342594,,,,,0,,,
1780342594,,,,,,3,-10,-269
1780342594,,,,0,,,,
1780342594,,,,,0,3,,
1780342594,,,,,,,-10,
1780342594,,,,,,,,-269
1780342594,,,,0,,,,
1780342594,,,,,0,3,,
1780342594,,,,,,,-10,
1780342594,,,,,,,,-269
1780342594,,,,0,,,,
1780342594,,,,,0,3,,
1780342594,,,,,,,-10,
1780342594,,,,,,,,-269
1780342594,,,,0,,,,
1780342594,,,,,0,3,,
1780342594,,,,,,,-10,
1780342594,,,,,,,,-269
1780342594,,,,0,,,,
1780342594,,,,,0,3,,
1780342594,,,,,,,-10,
1780342594,,,,,,,,-269
1780342594,,,,0,,,,
1780342594,,,,,0,3,,
1780342594,,,,,,,-10,
1780342594,,,,,,,,-269
1780342594,,,,0,,,,
1780342594,,,,,0,3,,
1780342594,,,,,,,-10,
1780342594,,,,,,,,-269
1780342594,,,,0,,,,
1780342594,,,,,0,3,,
1780342594,,,,,,,-10,
1780342594,,,,,,,,-269
1780342594,,,,0,,,,
1780342594,,,,,0,3,,
1780342594,,,,,,,-10,
1780342594,,,,,,,,-269
1780342594,,,,0,,,,
1780342594,,,,,0,3,,
1780342594,,,,,,,-10,
1780342594,,,,,,,,-269
1780342594,,,,0,,,,
1780342594,,,,,0,3,,
1780342594,,,,,,,-10,
1780342594,,,,,,,,-269
1780342594,,,,0,,,,
1780342594,,,,,0,3,,
1780342594,,,,,,,-10,
1780342594,,,,,,,,-269
1780342594,,,,0,,,,
1780342594,,,,,0,3,,
1780342594,,,,,,,-10,
1780342594,,,,,,,,-269
1780342594,,,,0,,,,
1780342594,,,,,0,3,,
1780342594,,,,,,,-10,
1780342594,,,,,,,,-269
1780342594,,,,0,,,,
1780342594,,,,,0,3,,
1780342594,,,,,,,-10,
1780342594,,,,,,,,-269
1780342594,,,,0,,,,
1780342594,,,,,0,3,,
1780342594,,,,,,,-10,
1780342594,,,,,,,,-269
1780342594,,,,0,,,,
1780342594,,,,,0,3,,
1780342594,,,,,,,-10,
1780342594,,,,,,,,-269
1780342594,,,,0,,,,
1780342594,,,,,0,3,,
1780342594,,,,,,,-10,
1780342594,,,,,,,,-269
1780342594,,,,0,,,,
1780342594,,,,,0,3,,
1780342594,,,,,,,-10,
1780342594,,,,,,,,-269
1780342595,,,,0,,,,
1780342595,,,,,0,,,
1780342595,,,,,,3,,
1780342595,,,,,,,-10,-269
1780342595,,,,0,,,,
1780342595,,,,,0,3,,
1780342595,,,,,,,-10,
1780342595,,,,,,,,-269
1780342595,,,,0,,,,
1780342595,,,,,0,3,,
1780342595,,,,,,,-10,
1780342595,,,,,,,,-269
1780342595,,,,0,,,,
1780342595,,,,,0,3,,
1780342595,,,,,,,-10,
1780342595,,,,,,,,-269
1780342595,,,,0,,,,
1780342595,,,,,0,3,,
1780342595,,,,,,,-10,
1780342595,,,,,,,,-269
1780342595,,,,0,,,,
1780342595,,,,,0,3,,
1780342595,,,,,,,-10,
1780342595,,,,,,,,-269
1780342595,,,,0,,,,
1780342595,,,,,0,3,,
1780342595,,,,,,,-10,
1780342595,,,,,,,,-269
1780342595,,,,0,,,,
1780342595,,,,,0,3,,
1780342595,,,,,,,-10,
1780342595,,,,,,,,-269
1780342595,,,,0,,,,
1780342595,,,,,0,3,,
1780342595,,,,,,,-10,
1780342595,,,,,,,,-269
1780342595,,,,0,,,,
1780342595,,,,,0,3,,
1780342595,,,,,,,-10,
1780342595,,,,,,,,-269
1780342595,,,,0,,,,
1780342595,,,,,0,3,,
1780342595,,,,,,,-10,
1780342595,,,,,,,,-269
1780342595,,,,0,,,,
1780342595,,,,,0,3,,
1780342595,,,,,,,-10,
1780342595,,,,,,,,-269
1780342595,,,,0,,,,
1780342595,,,,,0,3,,
1780342595,,,,,,,-10,
1780342595,,,,,,,,-269
1780342595,,,,0,,,,
1780342595,,,,,0,3,,
1780342595,,,,,,,-10,
1780342595,,,,,,,,-269
1780342595,,,,0,,,,
1780342595,,,,,0,3,,
1780342595,,,,,,,-10,
1780342595,,,,,,,,-269
1780342595,,,,0,,,,
1780342595,,,,,0,3,,
1780342595,,,,,,,-10,
1780342595,,,,,,,,-269
1780342595,,,,0,,,,
1780342595,,,,,0,3,,
1780342595,,,,,,,-10,
1780342595,,,,,,,,-269
1780342595,,,,0,,,,
1780342595,,,,,0,3,,
1780342595,,,,,,,-10,
1780342595,,,,,,,,-269
1780342595,,,,0,,,,
1780342595,,,,,0,3,,
1780342595,,,,,,,-10,
1780342595,,,,,,,,-269
1780342595,,,,0,,,,
1780342595,,,,,0,3,,
1780342595,,,,,,,-10,
1780342595,,,,,,,,-269
1780342595,,,,0,,,,
1780342595,,,,,0,3,,
1780342595,,,,,,,-10,
1780342595,,,,,,,,-269
1780342595,,,,0,,,,
1780342595,,,,,0,3,,
1780342595,,,,,,,-10,
1780342595,,,,,,,,-269
1780342595,,,,0,,,,
1780342595,,,,,0,3,,
1780342595,,,,,,,-10,
1780342595,,,,,,,,-269
1780342595,,,,0,,,,
1780342595,,,,,0,3,,
1780342595,,,,,,,-10,
1780342595,,,,,,,,-269
1780342595,,,,0,,,,
1780342595,,,,,0,0,,
1780342595,,,,,,,0,
1780342595,,,,,,,,0
1780342595,,,,515,,,,
1780342595,,,,,0,,,
1780342595,,,,,,0,515,
1780342595,,,,,,,,500
1780342595,,,,515,,,,
1780342595,,,,,0,,,
1780342595,,,,,,0,515,
1780342595,,,,,,,,500
1780342595,,,,515,,,,
1780342595,,,,,2,,,
1780342595,,,,,,0,513,
1780342595,,,,,,,,500
1780342595,,,,515,,,,
1780342595,,,,,3,,,
1780342595,,,,,,0,512,
1780342595,,,,,,,,500
1780342595,,,,515,,,,
1780342595,,,,,6,,,
1780342595,,,,,,0,509,
1780342595,,,,,,,,500
1780342595,,,,515,,,,
1780342595,,,,,9,,,
1780342595,,,,,,0,506,
1780342595,,,,,,,,500
1780342595,,,,515,,,,
1780342595,,,,,14,,,
1780342595,,,,,,0,,
1780342595,,,,,,,501,500
1780342595,,,,515,,,,
1780342595,,,,,18,,,
1780342595,,,,,,0,,
1780342595,,,,,,,497,500
1780342595,,,,515,,,,
1780342595,,,,,24,,,
1780342595,,,,,,0,,
1780342595,,,,,,,491,500
1780342595,,,,515,,,,
1780342595,,,,,30,,,
1780342595,,,,,,0,,
1780342595,,,,,,,485,500
1780342595,,,,515,,,,
1780342595,,,,,37,,,
1780342595,,,,,,0,,
1780342595,,,,,,,478,500
1780342595,,,,515,,,,
1780342595,,,,,44,,,
1780342595,,,,,,0,,
1780342595,,,,,,,471,500
1780342595,,,,515,,,,
1780342595,,,,,52,,,
1780342595,,,,,,0,,
1780342595,,,,,,,463,500
1780342595,,,,515,,,,
1780342595,,,,,60,,,
1780342595,,,,,,0,,
1780342595,,,,,,,455,500
1780342595,,,,515,,,,
1780342595,,,,,70,,,
1780342595,,,,,,0,,
1780342595,,,,,,,445,500
1780342595,,,,515,,,,
1780342595,,,,,78,,,
1780342595,,,,,,0,,
1780342595,,,,,,,437,500
1780342595,,,,515,,,,
1780342595,,,,,88,,,
1780342595,,,,,,0,,
1780342595,,,,,,,427,
1780342595,,,,,,,,500
1780342595,,,,515,,,,
1780342595,,,,,98,,,
1780342595,,,,,,0,,
1780342595,,,,,,,417,500
1780342595,,,,515,,,,
1780342595,,,,,108,,,
1780342595,,,,,,0,,
1780342595,,,,,,,407,500
1780342595,,,,515,,,,
1780342595,,,,,119,,,
1780342595,,,,,,0,,
1780342595,,,,,,,396,500
1780342595,,,,515,,,,
1780342595,,,,,130,,,
1780342595,,,,,,0,,
1780342595,,,,,,,385,500
1780342595,,,,515,,,,
1780342595,,,,,141,,,
1780342595,,,,,,0,,
1780342595,,,,,,,374,500
1780342595,,,,515,,,,
1780342595,,,,,152,,,
1780342595,,,,,,0,363,500
1780342595,,,,515,,,,
1780342595,,,,,164,,,
1780342595,,,,,,0,351,
1780342595,,,,,,,,500
1780342595,,,,515,,,,
1780342595,,,,,176,,,
1780342595,,,,,,0,339,500
1780342595,,,,515,,,,
1780342595,,,,,188,,,
1780342595,,,,,,0,327,500
1780342595,,,,515,,,,
1780342595,,,,,202,,,
1780342595,,,,,,0,,
1780342595,,,,,,,313,500
1780342595,,,,515,,,,
1780342595,,,,,214,,,
1780342595,,,,,,0,,
1780342595,,,,,,,301,500
1780342595,,,,515,,,,
1780342595,,,,,226,,,
1780342595,,,,,,0,,
1780342595,,,,,,,289,500
1780342595,,,,515,,,,
1780342595,,,,,240,,,
1780342595,,,,,,0,,
1780342595,,,,,,,275,500
1780342595,,,,515,,,,
1780342595,,,,,253,,,
1780342595,,,,,,0,,
1780342595,,,,,,,262,500
1780342595,,,,515,,,,
1780342595,,,,,266,,,
1780342595,,,,,,0,,
1780342595,,,,,,,249,500
1780342595,,,,515,,,,
1780342595,,,,,280,,,
1780342595,,,,,,0,,
1780342595,,,,,,,235,500
1780342595,,,,515,,,,
1780342595,,,,,294,,,
1780342595,,,,,,0,,
1780342595,,,,,,,221,500
1780342595,,,,515,,,,
1780342595,,,,,307,,,
1780342595,,,,,,0,,
1780342595,,,,,,,208,490
1780342595,,,,515,,,,
1780342595,,,,,321,,,
1780342595,,,,,,0,,
1780342595,,,,,,,194,459
1780342595,,,,515,,,,
1780342595,,,,,336,,,
1780342595,,,,,,0,,
1780342595,,,,,,,179,425
1780342595,,,,515,,,,
1780342595,,,,,349,,,
1780342595,,,,,,0,,
1780342595,,,,,,,166,398
1780342595,,,,515,,,,
1780342595,,,,,362,,,
1780342595,,,,,,0,,
1780342595,,,,,,,153,369
1780342595,,,,515,,,,
1780342595,,,,,376,,,
1780342595,,,,,,0,,
1780342595,,,,,,,139,338
1780342595,,,,515,,,,
1780342595,,,,,388,,,
1780342595,,,,,,0,,
1780342595,,,,,,,127,312
1780342595,,,,515,,,,
1780342595,,,,,400,,,
1780342596,,,,,,0,,
1780342596,,,,,,,115,286
1780342596,,,,515,,,,
1780342596,,,,,411,,,
1780342596,,,,,,0,,
1780342596,,,,,,,104,262
1780342596,,,,515,,,,
1780342596,,,,,422,,,
1780342596,,,,,,0,,
1780342596,,,,,,,93,336
1780342596,,,,515,432,,,
1780342596,,,,,,0,,
1780342596,,,,,,,83,401
1780342596,,,,515,,,,
1780342596,,,,,441,,,
1780342596,,,,,,0,,
1780342596,,,,,,,74,407
1780342596,,,,515,,,,
1780342596,,,,,450,,,
1780342596,,,,,,0,,
1780342596,,,,,,,65,388
1780342596,,,,515,,,,
1780342596,,,,,460,,,
1780342596,,,,,,0,55,
1780342596,,,,,,,,365
1780342596,,,,515,,,,
1780342596,,,,,469,,,
1780342596,,,,,,0,46,
1780342596,,,,,,,,346
1780342596,,,,515,,,,
1780342596,,,,,478,,,
1780342596,,,,,,0,,
1780342596,,,,,,,37,326
1780342596,,,,515,,,,
1780342596,,,,,486,,,
1780342596,,,,,,0,,
1780342596,,,,,,,29,309
1780342596,,,,515,,,,
1780342596,,,,,494,,,
1780342596,,,,,,0,21,
1780342596,,,,,,,,291
1780342596,,,,515,,,,
1780342596,,,,,502,,,
1780342596,,,,,,0,13,
1780342596,,,,,,,,274
1780342596,,,,515,,,,
1780342596,,,,,508,,,
1780342596,,,,,,0,7,
1780342596,,,,,,,,262
1780342596,,,,515,,,,
1780342596,,,,,514,,,
1780342596,,,,,,1,7,
1780342596,,,,,,,,262
1780342596,,,,515,,,,
1780342596,,,,,520,,,
1780342596,,,,,,1,7,
1780342596,,,,,,,,262
1780342596,,,,515,,,,
1780342596,,,,,524,,,
1780342596,,,,,,1,7,
1780342596,,,,,,,,262
1780342596,,,,515,,,,
1780342596,,,,,527,,,
1780342596,,,,,,1,7,
1780342596,,,,,,,,262
1780342596,,,,515,,,,
1780342596,,,,,529,,,
1780342596,,,,,,1,7,
1780342596,,,,,,,,262
1780342596,,,,515,,,,
1780342596,,,,,530,,,
1780342596,,,,,,1,7,
1780342596,,,,,,,,262
1780342596,,,,515,,,,
1780342596,,,,,529,,,
1780342596,,,,,,1,7,
1780342596,,,,,,,,262
1780342596,,,,515,,,,
1780342596,,,,,529,,,
1780342596,,,,,,1,7,
1780342596,,,,,,,,262
1780342596,,,,515,,,,
1780342596,,,,,529,,,
1780342596,,,,,,1,7,
1780342596,,,,,,,,262
1780342596,,,,515,,,,
1780342596,,,,,529,,,
1780342596,,,,,,1,7,262
1780342596,,,,515,,,,
1780342596,,,,,529,,,
1780342596,,,,,,1,7,
1780342596,,,,,,,,262
1780342596,,,,515,,,,
1780342596,,,,,529,,,
1780342596,,,,,,1,7,
1780342596,,,,,,,,262
1780342596,,,,515,,,,
1780342596,,,,,529,,,
1780342596,,,,,,1,7,
1780342596,,,,,,,,262
1780342596,,,,515,,,,
1780342596,,,,,529,,,
1780342596,,,,,,1,7,
1780342596,,,,,,,,262
1780342596,,,,515,,,,
1780342596,,,,,529,,,
1780342596,,,,,,1,7,
1780342596,,,,,,,,262
1780342596,,,,515,,,,
1780342596,,,,,529,,,
1780342596,,,,,,1,7,
1780342596,,,,,,,,262
1780342596,,,,515,,,,
1780342596,,,,,529,,,
1780342596,,,,,,1,7,
1780342596,,,,,,,,262
1780342596,,,,515,,,,
1780342596,,,,,529,,,
1780342596,,,,,,1,7,
1780342596,,,,,,,,262
1780342596,,,,515,,,,
1780342596,,,,,529,,,
1780342596,,,,,,1,7,
1780342596,,,,,,,,262
1780342596,,,,515,,,,
1780342596,,,,,529,,,
1780342596,,,,,,1,7,
1780342596,,,,,,,,262
1780342596,,,,515,,,,
1780342596,,,,,529,,,
1780342596,,,,,,1,7,
1780342596,,,,,,,,262
1780342596,,,,515,,,,
1780342596,,,,,529,,,
1780342596,,,,,,1,7,
1780342596,,,,,,,,262
1780342596,,,,515,,,,
1780342596,,,,,529,,,
1780342596,,,,,,1,7,
1780342596,,,,,,,,262
1780342596,,,,515,,,,
1780342596,,,,,529,,,
1780342596,,,,,,1,7,
1780342596,,,,,,,,262
1780342596,,,,515,,,,
1780342596,,,,,529,,,
1780342596,,,,,,1,7,
1780342596,,,,,,,,262
1780342596,,,,515,,,,
1780342596,,,,,529,,,
1780342596,,,,,,1,7,
1780342596,,,,,,,,262
1780342596,,,,515,,,,
1780342596,,,,,529,,,
1780342596,,,,,,1,7,
1780342596,,,,,,,,262
1780342596,,,,515,,,,
1780342596,,,,,529,,,
1780342596,,,,,,1,7,
1780342596,,,,,,,,262
1780342596,,,,515,,,,
1780342596,,,,,529,,,
1780342596,,,,,,1,7,
1780342596,,,,,,,,262
1780342596,,,,515,,,,
1780342596,,,,,529,,,
1780342596,,,,,,1,7,
1780342596,,,,,,,,262
1780342596,,,,515,,,,
1780342596,,,,,529,,,
1780342596,,,,,,1,,
1780342596,,,,,,,7,262
1780342596,,,,515,,,,
1780342596,,,,,529,,,
1780342596,,,,,,1,7,
1780342596,,,,,,,,262
1780342596,,,,515,,,,
1780342596,,,,,529,,,
1780342596,,,,,,1,7,
1780342596,,,,,,,,262
1780342596,,,,515,,,,
1780342596,,,,,529,,,
1780342596,,,,,,1,7,
1780342596,,,,,,,,262
1780342596,,,,515,,,,
1780342596,,,,,529,,,
1780342596,,,,,,1,7,
1780342596,,,,,,,,262
1780342596,,,,515,,,,
1780342596,,,,,529,,,
1780342596,,,,,,1,7,
1780342596,,,,,,,,262
1780342596,,,,515,,,,
1780342596,,,,,529,,,
1780342596,,,,,,1,7,
1780342596,,,,,,,,262
1780342596,,,,515,,,,
1780342596,,,,,529,,,
1780342596,,,,,,1,7,
1780342596,,,,,,,,262
1780342596,,,,515,,,,
1780342596,,,,,529,,,
1780342596,,,,,,1,7,
1780342596,,,,,,,,262
1780342596,,,,515,,,,
1780342596,,,,,529,,,
1780342596,,,,,,1,7,262
1780342596,,,,515,,,,
1780342596,,,,,529,,,
1780342596,,,,,,1,7,
1780342596,,,,,,,,262
1780342596,,,,515,,,,
1780342596,,,,,529,,,
1780342596,,,,,,1,7,
1780342596,,,,,,,,262
1780342596,,,,515,,,,
1780342596,,,,,529,,,
1780342596,,,,,,1,7,
1780342596,,,,,,,,262
1780342596,,,,515,,,,
1780342596,,,,,529,1,,
1780342596,,,,,,,7,
1780342596,,,,,,,,262
1780342596,,,,515,,,,
1780342596,,,,,529,,,
1780342596,,,,,,1,7,
1780342596,,,,,,,,262
1780342596,,,,515,,,,
1780342596,,,,,529,,,
1780342596,,,,,,1,7,
1780342596,,,,,,,,262
1780342596,,,,515,,,,
1780342596,,,,,529,,,
1780342596,,,,,,1,7,
1780342596,,,,,,,,262
1780342596,,,,515,529,,,
1780342596,,,,,,1,7,
1780342596,,,,,,,,262
1780342596,,,,515,,,,
1780342596,,,,,529,,,
1780342596,,,,,,1,7,
1780342596,,,,,,,,262
1780342596,,,,515,,,,
1780342596,,,,,529,,,
1780342596,,,,,,1,7,
1780342596,,,,,,,,262
1780342596,,,,515,,,,
1780342596,,,,,529,,,
1780342596,,,,,,1,7,
1780342596,,,,,,,,262
1780342596,,,,515,,,,
1780342596,,,,,529,,,
1780342596,,,,,,1,7,
1780342596,,,,,,,,262
1780342596,,,,515,,,,
1780342596,,,,,529,,,
1780342596,,,,,,1,7,
1780342596,,,,,,,,262
1780342596,,,,515,,,,
1780342596,,,,,529,,,
1780342596,,,,,,1,7,
1780342596,,,,,,,,262
1780342597,,,,515,,,,
1780342597,,,,,529,,,
1780342597,,,,,,1,7,
1780342597,,,,,,,,262
1780342597,,,,515,,,,
1780342597,,,,,529,,,
1780342597,,,,,,1,7,262
1780342597,,,,515,,,,
1780342597,,,,,529,,,
1780342597,,,,,,1,7,
1780342597,,,,,,,,262
1780342597,,,,515,,,,
1780342597,,,,,529,,,
1780342597,,,,,,1,7,
1780342597,,,,,,,,262
1780342597,,,,515,529,,,
1780342597,,,,,,1,7,
1780342597,,,,,,,,262
1780342597,,,,515,,,,
1780342597,,,,,529,,,
1780342597,,,,,,1,7,262
1780342597,,,,515,,,,
1780342597,,,,,529,,,
1780342597,,,,,,1,7,
1780342597,,,,,,,,262
1780342597,,,,515,,,,
1780342597,,,,,529,,,
1780342597,,,,,,1,7,
1780342597,,,,,,,,262
1780342597,,,,515,,,,
1780342597,,,,,529,,,
1780342597,,,,,,1,7,
1780342597,,,,,,,,262
1780342597,,,,515,,,,
1780342597,,,,,529,,,
1780342597,,,,,,1,7,
1780342597,,,,,,,,262
1780342597,,,,515,,,,
1780342597,,,,,529,,,
1780342597,,,,,,1,7,
1780342597,,,,,,,,262
1780342597,,,,515,,,,
1780342597,,,,,529,,,
1780342597,,,,,,1,7,
1780342597,,,,,,,,262
1780342597,,,,515,,,,
1780342597,,,,,529,,,
1780342597,,,,,,1,7,
1780342597,,,,,,,,262
1780342597,,,,515,,,,
1780342597,,,,,529,,,
1780342597,,,,,,1,7,
1780342597,,,,,,,,262
1780342597,,,,515,,,,
1780342597,,,,,529,,,
1780342597,,,,,,1,7,
1780342597,,,,,,,,262
1780342597,,,,515,,,,
1780342597,,,,,529,,,
1780342597,,,,,,1,7,
1780342597,,,,,,,,262
1780342597,,,,515,,,,
1780342597,,,,,529,,,
1780342597,,,,,,1,,
1780342597,,,,,,,7,
1780342597,,,,,,,,262
1780342597,,,,515,,,,
1780342597,,,,,529,,,
1780342597,,,,,,1,7,
1780342597,,,,,,,,262
1780342597,,,,515,,,,
1780342597,,,,,529,,,
1780342597,,,,,,1,7,
1780342597,,,,,,,,262
1780342597,,,,515,,,,
1780342597,,,,,529,,,
1780342597,,,,,,1,7,
1780342597,,,,,,,,262
1780342597,,,,515,,,,
1780342597,,,,,529,,,
1780342597,,,,,,1,7,
1780342597,,,,,,,,262
1780342597,,,,515,,,,
1780342597,,,,,529,,,
1780342597,,,,,,1,7,
1780342597,,,,,,,,262
1780342597,,,,515,,,,
1780342597,,,,,529,,,
1780342597,,,,,,1,7,
1780342597,,,,,,,,262
1780342597,,,,515,,,,
1780342597,,,,,529,,,
1780342597,,,,,,1,7,
1780342597,,,,,,,,262
1780342597,,,,515,,,,
1780342597,,,,,529,,,
1780342597,,,,,,1,7,
1780342597,,,,,,,,262
1780342597,,,,515,,,,
1780342597,,,,,529,,,
1780342597,,,,,,1,7,
1780342597,,,,,,,,262
1780342597,,,,515,,,,
1780342597,,,,,529,,,
1780342597,,,,,,1,,
1780342597,,,,,,,7,262
1780342597,,,,515,,,,
1780342597,,,,,529,,,
1780342597,,,,,,1,7,262
1780342597,,,,515,,,,
1780342597,,,,,529,,,
1780342597,,,,,,1,7,
1780342597,,,,,,,,262
1780342597,,,,515,,,,
1780342597,,,,,529,1,,
1780342597,,,,,,,7,
1780342597,,,,,,,,262
1780342597,,,,515,,,,
1780342597,,,,,529,,,
1780342597,,,,,,1,7,
1780342597,,,,,,,,262
1780342597,,,,515,,,,
1780342597,,,,,529,1,,
1780342597,,,,,,,7,
1780342597,,,,,,,,262
1780342597,,,,515,,,,
1780342597,,,,,529,,,
1780342597,,,,,,1,7,
1780342597,,,,,,,,262
1780342597,,,,515,,,,
1780342597,,,,,529,1,,
1780342597,,,,,,,7,
1780342597,,,,,,,,262
1780342597,,,,515,,,,
1780342597,,,,,529,,,
1780342597,,,,,,1,7,
1780342597,,,,,,,,262
1780342597,,,,515,,,,
1780342597,,,,,529,1,,
1780342597,,,,,,,7,
1780342597,,,,,,,,262
1780342597,,,,515,,,,
1780342597,,,,,529,,,
1780342597,,,,,,1,7,
1780342597,,,,,,,,262
1780342597,,,,515,,,,
1780342597,,,,,529,1,,
1780342597,,,,,,,7,
1780342597,,,,,,,,262
1780342597,,,,515,529,,,
1780342597,,,,,,1,,
1780342597,,,,,,,7,
1780342597,,,,,,,,262
1780342597,,,,515,,,,
1780342597,,,,,529,1,,
1780342597,,,,,,,7,
1780342597,,,,,,,,262
1780342597,,,,515,,,,
1780342597,,,,,529,1,,
1780342597,,,,,,,7,
1780342597,,,,,,,,262
1780342597,,,,515,529,,,
1780342597,,,,,,1,,
1780342597,,,,,,,7,
1780342597,,,,,,,,262
1780342597,,,,515,,,,
1780342597,,,,,529,1,7,
1780342597,,,,,,,,262
1780342597,,,,515,,,,
1780342597,,,,,529,1,,
1780342597,,,,,,,7,
1780342597,,,,,,,,262
1780342597,,,,515,,,,
1780342597,,,,,529,,,
1780342597,,,,,,1,7,
1780342597,,,,,,,,262
1780342597,,,,515,,,,
1780342597,,,,,529,1,7,
1780342597,,,,,,,,262
1780342597,,,,515,,,,
1780342597,,,,,529,1,,
1780342597,,,,,,,7,262
1780342597,,,,515,,,,
1780342597,,,,,529,1,,
1780342597,,,,,,,7,
1780342597,,,,,,,,262
1780342597,,,,515,,,,
1780342597,,,,,529,1,,
1780342597,,,,,,,7,
1780342597,,,,,,,,262
1780342597,,,,515,529,1,,
1780342597,,,,,,,7,
1780342597,,,,,,,,262
1780342597,,,,515,,,,
1780342597,,,,,529,1,7,
1780342597,,,,,,,,262
1780342597,,,,515,529,1,,
1780342597,,,,,,,7,
1780342597,,,,,,,,262
1780342597,,,,515,,,,
1780342597,,,,,529,1,,
1780342597,,,,,,,7,
1780342597,,,,,,,,262
1780342597,,,,515,529,,,
1780342597,,,,,,1,,
1780342597,,,,,,,7,
1780342597,,,,,,,,262
1780342597,,,,515,,,,
1780342597,,,,,529,1,,
1780342597,,,,,,,7,262
1780342597,,,,515,529,1,,
1780342597,,,,,,,7,262
1780342597,,,,515,,,,
1780342597,,,,,529,1,,
1780342597,,,,,,,7,262
1780342597,,,,515,,,,
1780342597,,,,,529,1,,
1780342597,,,,,,,7,
1780342597,,,,,,,,262
1780342597,,,,515,,,,
1780342597,,,,,529,1,7,
1780342597,,,,,,,,262
1780342597,,,,515,529,,,
1780342597,,,,,,1,,
1780342597,,,,,,,7,262
1780342597,,,,515,,,,
1780342597,,,,,529,,,
1780342597,,,,,,1,7,
1780342597,,,,,,,,262
